optimizer,year,season,uniform_set,product_category,size,lifecycle_year,size_group,size_rank,season_num,demand,unit_cost,overage_cost,underage_cost,recommended_order_qty,procurement_spend,expected_demand_saa,expected_overage_units,expected_underage_units,expected_nv_cost
SLSQP,2024,fall,cfa,bottom,al,1,adult_men,13,1,6,16.0,3.0,8.0,6,96.0,9.184665874127786,0.0,3.184665874127786,25.477326993022288
SLSQP,2024,fall,cfa,bottom,am,1,adult_men,12,1,15,16.0,3.0,8.0,6,96.0,9.184665874127786,0.0,3.184665874127786,25.477326993022288
SLSQP,2024,fall,cfa,bottom,as,1,adult_men,11,1,6,16.0,3.0,8.0,6,96.0,20.657838165149975,0.0,14.657838165149975,117.2627053211998
SLSQP,2024,fall,cfa,bottom,wm,1,women,8,1,11,16.0,3.0,8.0,6,96.0,12.696566721298815,0.0,6.696566721298815,53.57253377039052
SLSQP,2024,fall,cfa,bottom,ws,1,women,7,1,29,16.0,3.0,8.0,6,96.0,13.434192333031499,0.0,7.434192333031499,59.47353866425199
SLSQP,2024,fall,cfa,bottom,wxs,1,women,6,1,19,16.0,3.0,8.0,6,96.0,13.171540708065237,0.0,7.171540708065237,57.372325664521895
SLSQP,2024,fall,cfa,bottom,yl,1,youth,4,1,36,16.0,3.0,8.0,10,160.0,39.65652713525163,0.0,29.65652713525163,237.25221708201303
SLSQP,2024,fall,cfa,bottom,ym,1,youth,3,1,43,16.0,3.0,8.0,18,288.0,52.62769797606895,0.0,34.62769797606895,277.0215838085516
SLSQP,2024,fall,cfa,bottom,ys,1,youth,2,1,21,16.0,3.0,8.0,38,608.0,107.30346125594951,0.0,69.30346125594951,554.4276900475961
SLSQP,2024,fall,cfa,bottom,yxl,1,youth,5,1,4,16.0,3.0,8.0,6,96.0,9.184665874127786,0.0,3.184665874127786,25.477326993022288
SLSQP,2024,fall,cfa,bottom,yxs,1,youth,1,1,3,16.0,3.0,8.0,38,608.0,107.30346125594951,0.0,69.30346125594951,554.4276900475961
SLSQP,2024,fall,cfa,top,al,1,adult_men,13,1,7,25.0,5.0,12.0,6,150.0,21.70232042928973,0.0,15.702320429289731,188.4278451514768
SLSQP,2024,fall,cfa,top,am,1,adult_men,12,1,10,25.0,5.0,12.0,6,150.0,24.74802025083342,0.0,18.74802025083342,224.97624301000104
SLSQP,2024,fall,cfa,top,as,1,adult_men,11,1,11,25.0,5.0,12.0,6,150.0,47.02334720613978,0.0,41.02334720613978,492.28016647367735
SLSQP,2024,fall,cfa,top,axl,1,adult_men,14,1,1,25.0,5.0,12.0,6,150.0,21.70232042928973,0.0,15.702320429289731,188.4278451514768
SLSQP,2024,fall,cfa,top,wl,1,women,9,1,3,25.0,5.0,12.0,6,150.0,34.13820842512623,0.0,28.13820842512623,337.65850110151473
SLSQP,2024,fall,cfa,top,wm,1,women,8,1,12,25.0,5.0,12.0,6,150.0,34.46358057625489,0.0,28.46358057625489,341.5629669150587
SLSQP,2024,fall,cfa,top,ws,1,women,7,1,22,25.0,5.0,12.0,6,150.0,36.209405938999375,0.0,30.209405938999375,362.5128712679925
SLSQP,2024,fall,cfa,top,wxs,1,women,6,1,11,25.0,5.0,12.0,6,150.0,35.94675431403311,0.0,29.946754314033107,359.36105176839726
SLSQP,2024,fall,cfa,top,yl,1,youth,4,1,34,25.0,5.0,12.0,19,475.0,79.66093000008739,0.0,60.66093000008739,727.9311600010487
SLSQP,2024,fall,cfa,top,ym,1,youth,3,1,32,25.0,5.0,12.0,73,1825.0,132.68392218047094,0.0,59.683922180470944,716.2070661656513
SLSQP,2024,fall,cfa,top,ys,1,youth,2,1,21,25.0,5.0,12.0,73,1825.0,228.1165642432119,0.0,155.1165642432119,1861.398770918543
SLSQP,2024,fall,cfa,top,yxl,1,youth,5,1,8,25.0,5.0,12.0,6,150.0,30.829146203799528,0.0,24.829146203799528,297.94975444559435
SLSQP,2024,fall,fall,socks,al,1,adult_men,13,1,37,10.0,1.0,5.0,6,60.0,34.130451906496084,0.0,28.130451906496084,140.65225953248043
SLSQP,2024,fall,fall,socks,am,1,adult_men,12,1,79,10.0,1.0,5.0,6,60.0,40.77683195421494,0.0,34.77683195421494,173.8841597710747
SLSQP,2024,fall,fall,socks,as,1,adult_men,11,1,42,10.0,1.0,5.0,6,60.0,70.39606992980924,0.0,64.39606992980924,321.9803496490462
SLSQP,2024,spring,cfa,bottom,al,1,adult_men,13,3,3,16.0,3.0,8.0,6,96.0,9.184665874127786,0.0,3.184665874127786,25.477326993022288
SLSQP,2024,spring,cfa,bottom,am,1,adult_men,12,3,4,16.0,3.0,8.0,6,96.0,10.118683283088073,0.0,4.118683283088073,32.94946626470458
SLSQP,2024,spring,cfa,bottom,as,1,adult_men,11,3,5,16.0,3.0,8.0,6,96.0,13.015710838054046,0.0,7.015710838054046,56.12568670443237
SLSQP,2024,spring,cfa,bottom,wm,1,women,8,3,5,16.0,3.0,8.0,6,96.0,9.678433010011508,0.0,3.678433010011508,29.427464080092065
SLSQP,2024,spring,cfa,bottom,ws,1,women,7,3,9,16.0,3.0,8.0,6,96.0,10.915530281184713,0.0,4.915530281184713,39.324242249477706
SLSQP,2024,spring,cfa,bottom,wxs,1,women,6,3,16,16.0,3.0,8.0,6,96.0,10.571508898615683,0.0,4.571508898615683,36.57207118892546
SLSQP,2024,spring,cfa,bottom,yl,1,youth,4,3,7,16.0,3.0,8.0,6,96.0,19.67811680186138,0.0,13.678116801861378,109.42493441489103
SLSQP,2024,spring,cfa,bottom,ym,1,youth,3,3,20,16.0,3.0,8.0,6,96.0,19.615816705218712,0.0,13.615816705218712,108.9265336417497
SLSQP,2024,spring,cfa,bottom,ys,1,youth,2,3,9,16.0,3.0,8.0,9,144.0,25.458401704535703,0.0,16.458401704535703,131.66721363628562
SLSQP,2024,spring,cfa,bottom,yxl,1,youth,5,3,4,16.0,3.0,8.0,6,96.0,9.184665874127786,0.0,3.184665874127786,25.477326993022288
SLSQP,2024,spring,cfa,bottom,yxs,1,youth,1,3,3,16.0,3.0,8.0,9,144.0,25.458401704535703,0.0,16.458401704535703,131.66721363628562
SLSQP,2024,spring,cfa,socks,al,1,adult_men,13,3,1,10.0,1.0,5.0,6,60.0,28.06974582852087,0.0,22.06974582852087,110.34872914260434
SLSQP,2024,spring,cfa,socks,am,1,adult_men,12,3,7,10.0,1.0,5.0,6,60.0,34.716125876239694,0.0,28.716125876239694,143.58062938119846
SLSQP,2024,spring,cfa,socks,as,1,adult_men,11,3,2,10.0,1.0,5.0,6,60.0,43.529762413205496,0.0,37.529762413205496,187.6488120660275
SLSQP,2024,spring,cfa,top,al,1,adult_men,13,3,2,25.0,5.0,12.0,6,150.0,25.953138910561833,0.0,19.953138910561833,239.437666926742
SLSQP,2024,spring,cfa,top,am,1,adult_men,12,3,7,25.0,5.0,12.0,6,150.0,29.763410859885013,0.0,23.763410859885013,285.16093031862016
SLSQP,2024,spring,cfa,top,as,1,adult_men,11,3,2,25.0,5.0,12.0,6,150.0,36.62707046309152,0.0,30.62707046309152,367.5248455570983
SLSQP,2024,spring,cfa,top,wl,1,women,9,3,4,25.0,5.0,12.0,6,150.0,28.49873380491613,0.0,22.49873380491613,269.9848056589936
SLSQP,2024,spring,cfa,top,wm,1,women,8,3,13,25.0,5.0,12.0,6,150.0,30.258326627075004,0.0,24.258326627075004,291.09991952490003
SLSQP,2024,spring,cfa,top,ws,1,women,7,3,11,25.0,5.0,12.0,6,150.0,31.495423898248205,0.0,25.495423898248205,305.94508677897846
SLSQP,2024,spring,cfa,top,wxs,1,women,6,3,8,25.0,5.0,12.0,6,150.0,31.23277227328194,0.0,25.23277227328194,302.7932672793833
SLSQP,2024,spring,cfa,top,yl,1,youth,4,3,21,25.0,5.0,12.0,16,400.0,71.90682618420769,0.0,55.90682618420769,670.8819142104923
SLSQP,2024,spring,cfa,top,ym,1,youth,3,3,22,25.0,5.0,12.0,19,475.0,120.39428738248371,0.0,101.39428738248371,1216.7314485898046
SLSQP,2024,spring,cfa,top,ys,1,youth,2,3,6,25.0,5.0,12.0,21,525.0,162.41945719932772,0.0,141.41945719932772,1697.0334863919327
SLSQP,2024,spring,cfa,top,yxl,1,youth,5,3,6,25.0,5.0,12.0,6,150.0,32.77424124947501,0.0,26.77424124947501,321.29089499370014
SLSQP,2024,spring,spring,bottom,am,1,adult_men,12,3,1,16.0,3.0,8.0,6,96.0,10.118683283088073,0.0,4.118683283088073,32.94946626470458
SLSQP,2024,spring,spring,bottom,as,1,adult_men,11,3,1,16.0,3.0,8.0,6,96.0,13.015710838054046,0.0,7.015710838054046,56.12568670443237
SLSQP,2024,spring,spring,bottom,wl,1,women,9,3,1,16.0,3.0,8.0,6,96.0,9.184665874127786,0.0,3.184665874127786,25.477326993022288
SLSQP,2024,spring,spring,bottom,wm,1,women,8,3,2,16.0,3.0,8.0,6,96.0,9.678433010011508,0.0,3.678433010011508,29.427464080092065
SLSQP,2024,spring,spring,bottom,ws,1,women,7,3,7,16.0,3.0,8.0,6,96.0,10.915530281184713,0.0,4.915530281184713,39.324242249477706
SLSQP,2024,spring,spring,bottom,wxs,1,women,6,3,2,16.0,3.0,8.0,6,96.0,10.571508898615683,0.0,4.571508898615683,36.57207118892546
SLSQP,2024,spring,spring,bottom,yl,1,youth,4,3,5,16.0,3.0,8.0,6,96.0,19.67811680186138,0.0,13.678116801861378,109.42493441489103
SLSQP,2024,spring,spring,bottom,ym,1,youth,3,3,7,16.0,3.0,8.0,6,96.0,19.615816705218712,0.0,13.615816705218712,108.9265336417497
SLSQP,2024,spring,spring,bottom,ys,1,youth,2,3,3,16.0,3.0,8.0,9,144.0,25.458401704535703,0.0,16.458401704535703,131.66721363628562
SLSQP,2024,spring,spring,bottom,yxs,1,youth,1,3,1,16.0,3.0,8.0,9,144.0,25.458401704535703,0.0,16.458401704535703,131.66721363628562
SLSQP,2024,spring,spring,socks,al,1,adult_men,13,3,23,10.0,1.0,5.0,6,60.0,28.06974582852087,0.0,22.06974582852087,110.34872914260434
SLSQP,2024,spring,spring,socks,am,1,adult_men,12,3,44,10.0,1.0,5.0,6,60.0,34.716125876239694,0.0,28.716125876239694,143.58062938119846
SLSQP,2024,spring,spring,socks,as,1,adult_men,11,3,31,10.0,1.0,5.0,6,60.0,43.529762413205496,0.0,37.529762413205496,187.6488120660275
SLSQP,2024,spring,spring,top,al,1,adult_men,13,3,1,25.0,5.0,12.0,6,150.0,25.953138910561833,0.0,19.953138910561833,239.437666926742
SLSQP,2024,spring,spring,top,as,1,adult_men,11,3,1,25.0,5.0,12.0,6,150.0,36.62707046309152,0.0,30.62707046309152,367.5248455570983
SLSQP,2024,spring,spring,top,wl,1,women,9,3,1,25.0,5.0,12.0,6,150.0,28.49873380491613,0.0,22.49873380491613,269.9848056589936
SLSQP,2024,spring,spring,top,wm,1,women,8,3,2,25.0,5.0,12.0,6,150.0,30.258326627075004,0.0,24.258326627075004,291.09991952490003
SLSQP,2024,spring,spring,top,ws,1,women,7,3,5,25.0,5.0,12.0,6,150.0,31.495423898248205,0.0,25.495423898248205,305.94508677897846
SLSQP,2024,spring,spring,top,wxs,1,women,6,3,3,25.0,5.0,12.0,6,150.0,31.23277227328194,0.0,25.23277227328194,302.7932672793833
SLSQP,2024,spring,spring,top,yl,1,youth,4,3,11,25.0,5.0,12.0,16,400.0,71.90682618420769,0.0,55.90682618420769,670.8819142104923
SLSQP,2024,spring,spring,top,ym,1,youth,3,3,13,25.0,5.0,12.0,19,475.0,120.39428738248371,0.0,101.39428738248371,1216.7314485898046
SLSQP,2024,spring,spring,top,ys,1,youth,2,3,14,25.0,5.0,12.0,21,525.0,162.41945719932772,0.0,141.41945719932772,1697.0334863919327
SLSQP,2024,spring,spring,top,yxs,1,youth,1,3,2,25.0,5.0,12.0,21,525.0,162.41945719932772,0.0,141.41945719932772,1697.0334863919327
SLSQP,2024,winter,cfa,bottom,wxs,1,women,6,2,1,16.0,3.0,8.0,6,96.0,9.184665874127786,0.0,3.184665874127786,25.477326993022288
SLSQP,2024,winter,cfa,bottom,yl,1,youth,4,2,2,16.0,3.0,8.0,6,96.0,10.547155096984769,0.0,4.547155096984769,36.37724077587815
SLSQP,2024,winter,cfa,bottom,ym,1,youth,3,2,4,16.0,3.0,8.0,6,96.0,9.184665874127786,0.0,3.184665874127786,25.477326993022288
SLSQP,2024,winter,cfa,bottom,ys,1,youth,2,2,6,16.0,3.0,8.0,6,96.0,9.184665874127786,0.0,3.184665874127786,25.477326993022288
SLSQP,2024,winter,cfa,socks,al,1,adult_men,13,2,5,10.0,1.0,5.0,6,60.0,21.967260124537603,0.0,15.967260124537603,79.83630062268801
SLSQP,2024,winter,cfa,socks,am,1,adult_men,12,2,2,10.0,1.0,5.0,6,60.0,24.62515171143967,0.0,18.62515171143967,93.12575855719835
SLSQP,2024,winter,cfa,socks,as,1,adult_men,11,2,4,10.0,1.0,5.0,6,60.0,33.43878824840545,0.0,27.43878824840545,137.19394124202725
SLSQP,2024,winter,cfa,top,ym,1,youth,3,2,5,25.0,5.0,12.0,27,675.0,92.33014986949388,0.0,65.33014986949388,783.9617984339266
SLSQP,2024,winter,cfa,top,ys,1,youth,2,2,3,25.0,5.0,12.0,38,950.0,130.29244489932145,0.0,92.29244489932145,1107.5093387918573
SLSQP,2024,winter,fall,bottom,yxs,1,youth,1,2,1,16.0,3.0,8.0,6,96.0,9.184665874127786,0.0,3.184665874127786,25.477326993022288
SLSQP,2024,winter,fall,socks,as,1,adult_men,11,2,1,10.0,1.0,5.0,6,60.0,33.43878824840545,0.0,27.43878824840545,137.19394124202725
SLSQP,2024,winter,fall,top,ym,1,youth,3,2,1,25.0,5.0,12.0,32,800.0,92.33014986949388,0.0,60.33014986949388,723.9617984339266
SLSQP,2024,winter,winter,bottom,am,1,adult_men,12,2,1,16.0,3.0,8.0,6,96.0,9.184665874127786,0.0,3.184665874127786,25.477326993022288
SLSQP,2024,winter,winter,bottom,as,1,adult_men,11,2,1,16.0,3.0,8.0,6,96.0,9.184665874127786,0.0,3.184665874127786,25.477326993022288
SLSQP,2024,winter,winter,bottom,wl,1,women,9,2,1,16.0,3.0,8.0,6,96.0,9.184665874127786,0.0,3.184665874127786,25.477326993022288
SLSQP,2024,winter,winter,bottom,ws,1,women,7,2,5,16.0,3.0,8.0,6,96.0,9.184665874127786,0.0,3.184665874127786,25.477326993022288
SLSQP,2024,winter,winter,bottom,yl,1,youth,4,2,20,16.0,3.0,8.0,6,96.0,10.547155096984769,0.0,4.547155096984769,36.37724077587815
SLSQP,2024,winter,winter,bottom,ym,1,youth,3,2,81,16.0,3.0,8.0,6,96.0,9.184665874127786,0.0,3.184665874127786,25.477326993022288
SLSQP,2024,winter,winter,bottom,ys,1,youth,2,2,95,16.0,3.0,8.0,6,96.0,9.184665874127786,0.0,3.184665874127786,25.477326993022288
SLSQP,2024,winter,winter,bottom,yxs,1,youth,1,2,81,16.0,3.0,8.0,6,96.0,9.184665874127786,0.0,3.184665874127786,25.477326993022288
SLSQP,2024,winter,winter,socks,al,1,adult_men,13,2,23,10.0,1.0,5.0,6,60.0,21.967260124537603,0.0,15.967260124537603,79.83630062268801
SLSQP,2024,winter,winter,socks,am,1,adult_men,12,2,80,10.0,1.0,5.0,6,60.0,24.62515171143967,0.0,18.62515171143967,93.12575855719835
SLSQP,2024,winter,winter,socks,as,1,adult_men,11,2,196,10.0,1.0,5.0,6,60.0,33.43878824840545,0.0,27.43878824840545,137.19394124202725
SLSQP,2024,winter,winter,top,al,1,adult_men,13,2,4,25.0,5.0,12.0,6,150.0,21.70232042928973,0.0,15.702320429289731,188.4278451514768
SLSQP,2024,winter,winter,top,am,1,adult_men,12,2,4,25.0,5.0,12.0,6,150.0,21.70232042928973,0.0,15.702320429289731,188.4278451514768
SLSQP,2024,winter,winter,top,as,1,adult_men,11,2,18,25.0,5.0,12.0,6,150.0,24.265635997420222,0.0,18.265635997420222,219.18763196904268
SLSQP,2024,winter,winter,top,axl,1,adult_men,14,2,1,25.0,5.0,12.0,6,150.0,21.70232042928973,0.0,15.702320429289731,188.4278451514768
SLSQP,2024,winter,winter,top,wm,1,women,8,2,1,25.0,5.0,12.0,6,150.0,21.70232042928973,0.0,15.702320429289731,188.4278451514768
SLSQP,2024,winter,winter,top,ws,1,women,7,2,2,25.0,5.0,12.0,6,150.0,21.70232042928973,0.0,15.702320429289731,188.4278451514768
SLSQP,2024,winter,winter,top,wxs,1,women,6,2,3,25.0,5.0,12.0,6,150.0,21.70232042928973,0.0,15.702320429289731,188.4278451514768
SLSQP,2024,winter,winter,top,yl,1,youth,4,2,80,25.0,5.0,12.0,6,150.0,51.89828869371227,0.0,45.89828869371227,550.7794643245472
SLSQP,2024,winter,winter,top,ym,1,youth,3,2,213,25.0,5.0,12.0,32,800.0,92.33014986949388,0.0,60.33014986949388,723.9617984339266
SLSQP,2024,winter,winter,top,ys,1,youth,2,2,389,25.0,5.0,12.0,38,950.0,130.29244489932145,0.0,92.29244489932145,1107.5093387918573
SLSQP,2024,winter,winter,top,yxs,1,youth,1,2,142,25.0,5.0,12.0,38,950.0,130.29244489932145,0.0,92.29244489932145,1107.5093387918573
L-BFGS-B,2024,fall,cfa,bottom,al,1,adult_men,13,1,6,16.0,3.0,8.0,6,96.0,9.184665874127786,0.0,3.184665874127786,25.477326993022288
L-BFGS-B,2024,fall,cfa,bottom,am,1,adult_men,12,1,15,16.0,3.0,8.0,6,96.0,9.184665874127786,0.0,3.184665874127786,25.477326993022288
L-BFGS-B,2024,fall,cfa,bottom,as,1,adult_men,11,1,6,16.0,3.0,8.0,6,96.0,20.657838165149975,0.0,14.657838165149975,117.2627053211998
L-BFGS-B,2024,fall,cfa,bottom,wm,1,women,8,1,11,16.0,3.0,8.0,6,96.0,12.696566721298815,0.0,6.696566721298815,53.57253377039052
L-BFGS-B,2024,fall,cfa,bottom,ws,1,women,7,1,29,16.0,3.0,8.0,6,96.0,13.434192333031499,0.0,7.434192333031499,59.47353866425199
L-BFGS-B,2024,fall,cfa,bottom,wxs,1,women,6,1,19,16.0,3.0,8.0,6,96.0,13.171540708065237,0.0,7.171540708065237,57.372325664521895
L-BFGS-B,2024,fall,cfa,bottom,yl,1,youth,4,1,36,16.0,3.0,8.0,18,288.0,39.65652713525163,0.0,21.65652713525163,173.25221708201303
L-BFGS-B,2024,fall,cfa,bottom,ym,1,youth,3,1,43,16.0,3.0,8.0,30,480.0,52.62769797606895,0.0,22.62769797606895,181.0215838085516
L-BFGS-B,2024,fall,cfa,bottom,ys,1,youth,2,1,21,16.0,3.0,8.0,72,1152.0,107.30346125594951,0.0,35.303461255949514,282.4276900475961
L-BFGS-B,2024,fall,cfa,bottom,yxl,1,youth,5,1,4,16.0,3.0,8.0,6,96.0,9.184665874127786,0.0,3.184665874127786,25.477326993022288
L-BFGS-B,2024,fall,cfa,bottom,yxs,1,youth,1,1,3,16.0,3.0,8.0,72,1152.0,107.30346125594951,0.0,35.303461255949514,282.4276900475961
L-BFGS-B,2024,fall,cfa,top,al,1,adult_men,13,1,7,25.0,5.0,12.0,6,150.0,21.70232042928973,0.0,15.702320429289731,188.4278451514768
L-BFGS-B,2024,fall,cfa,top,am,1,adult_men,12,1,10,25.0,5.0,12.0,6,150.0,24.74802025083342,0.0,18.74802025083342,224.97624301000104
L-BFGS-B,2024,fall,cfa,top,as,1,adult_men,11,1,11,25.0,5.0,12.0,6,150.0,47.02334720613978,0.0,41.02334720613978,492.28016647367735
L-BFGS-B,2024,fall,cfa,top,axl,1,adult_men,14,1,1,25.0,5.0,12.0,6,150.0,21.70232042928973,0.0,15.702320429289731,188.4278451514768
L-BFGS-B,2024,fall,cfa,top,wl,1,women,9,1,3,25.0,5.0,12.0,6,150.0,34.13820842512623,0.0,28.13820842512623,337.65850110151473
L-BFGS-B,2024,fall,cfa,top,wm,1,women,8,1,12,25.0,5.0,12.0,6,150.0,34.46358057625489,0.0,28.46358057625489,341.5629669150587
L-BFGS-B,2024,fall,cfa,top,ws,1,women,7,1,22,25.0,5.0,12.0,6,150.0,36.209405938999375,0.0,30.209405938999375,362.5128712679925
L-BFGS-B,2024,fall,cfa,top,wxs,1,women,6,1,11,25.0,5.0,12.0,6,150.0,35.94675431403311,0.0,29.946754314033107,359.36105176839726
L-BFGS-B,2024,fall,cfa,top,yl,1,youth,4,1,34,25.0,5.0,12.0,13,325.0,79.66093000008739,0.0,66.66093000008739,799.9311600010487
L-BFGS-B,2024,fall,cfa,top,ym,1,youth,3,1,32,25.0,5.0,12.0,39,975.0,132.68392218047094,0.0,93.68392218047094,1124.2070661656512
L-BFGS-B,2024,fall,cfa,top,ys,1,youth,2,1,21,25.0,5.0,12.0,57,1425.0,228.1165642432119,0.0,171.1165642432119,2053.398770918543
L-BFGS-B,2024,fall,cfa,top,yxl,1,youth,5,1,8,25.0,5.0,12.0,6,150.0,30.829146203799528,0.0,24.829146203799528,297.94975444559435
L-BFGS-B,2024,fall,fall,socks,al,1,adult_men,13,1,37,10.0,1.0,5.0,6,60.0,34.130451906496084,0.0,28.130451906496084,140.65225953248043
L-BFGS-B,2024,fall,fall,socks,am,1,adult_men,12,1,79,10.0,1.0,5.0,6,60.0,40.77683195421494,0.0,34.77683195421494,173.8841597710747
L-BFGS-B,2024,fall,fall,socks,as,1,adult_men,11,1,42,10.0,1.0,5.0,6,60.0,70.39606992980924,0.0,64.39606992980924,321.9803496490462
L-BFGS-B,2024,spring,cfa,bottom,al,1,adult_men,13,3,3,16.0,3.0,8.0,6,96.0,9.184665874127786,0.0,3.184665874127786,25.477326993022288
L-BFGS-B,2024,spring,cfa,bottom,am,1,adult_men,12,3,4,16.0,3.0,8.0,6,96.0,10.118683283088073,0.0,4.118683283088073,32.94946626470458
L-BFGS-B,2024,spring,cfa,bottom,as,1,adult_men,11,3,5,16.0,3.0,8.0,6,96.0,13.015710838054046,0.0,7.015710838054046,56.12568670443237
L-BFGS-B,2024,spring,cfa,bottom,wm,1,women,8,3,5,16.0,3.0,8.0,6,96.0,9.678433010011508,0.0,3.678433010011508,29.427464080092065
L-BFGS-B,2024,spring,cfa,bottom,ws,1,women,7,3,9,16.0,3.0,8.0,6,96.0,10.915530281184713,0.0,4.915530281184713,39.324242249477706
L-BFGS-B,2024,spring,cfa,bottom,wxs,1,women,6,3,16,16.0,3.0,8.0,6,96.0,10.571508898615683,0.0,4.571508898615683,36.57207118892546
L-BFGS-B,2024,spring,cfa,bottom,yl,1,youth,4,3,7,16.0,3.0,8.0,6,96.0,19.67811680186138,0.0,13.678116801861378,109.42493441489103
L-BFGS-B,2024,spring,cfa,bottom,ym,1,youth,3,3,20,16.0,3.0,8.0,6,96.0,19.615816705218712,0.0,13.615816705218712,108.9265336417497
L-BFGS-B,2024,spring,cfa,bottom,ys,1,youth,2,3,9,16.0,3.0,8.0,6,96.0,25.458401704535703,0.0,19.458401704535703,155.66721363628562
L-BFGS-B,2024,spring,cfa,bottom,yxl,1,youth,5,3,4,16.0,3.0,8.0,6,96.0,9.184665874127786,0.0,3.184665874127786,25.477326993022288
L-BFGS-B,2024,spring,cfa,bottom,yxs,1,youth,1,3,3,16.0,3.0,8.0,6,96.0,25.458401704535703,0.0,19.458401704535703,155.66721363628562
L-BFGS-B,2024,spring,cfa,socks,al,1,adult_men,13,3,1,10.0,1.0,5.0,6,60.0,28.06974582852087,0.0,22.06974582852087,110.34872914260434
L-BFGS-B,2024,spring,cfa,socks,am,1,adult_men,12,3,7,10.0,1.0,5.0,6,60.0,34.716125876239694,0.0,28.716125876239694,143.58062938119846
L-BFGS-B,2024,spring,cfa,socks,as,1,adult_men,11,3,2,10.0,1.0,5.0,6,60.0,43.529762413205496,0.0,37.529762413205496,187.6488120660275
L-BFGS-B,2024,spring,cfa,top,al,1,adult_men,13,3,2,25.0,5.0,12.0,6,150.0,25.953138910561833,0.0,19.953138910561833,239.437666926742
L-BFGS-B,2024,spring,cfa,top,am,1,adult_men,12,3,7,25.0,5.0,12.0,6,150.0,29.763410859885013,0.0,23.763410859885013,285.16093031862016
L-BFGS-B,2024,spring,cfa,top,as,1,adult_men,11,3,2,25.0,5.0,12.0,6,150.0,36.62707046309152,0.0,30.62707046309152,367.5248455570983
L-BFGS-B,2024,spring,cfa,top,wl,1,women,9,3,4,25.0,5.0,12.0,6,150.0,28.49873380491613,0.0,22.49873380491613,269.9848056589936
L-BFGS-B,2024,spring,cfa,top,wm,1,women,8,3,13,25.0,5.0,12.0,6,150.0,30.258326627075004,0.0,24.258326627075004,291.09991952490003
L-BFGS-B,2024,spring,cfa,top,ws,1,women,7,3,11,25.0,5.0,12.0,6,150.0,31.495423898248205,0.0,25.495423898248205,305.94508677897846
L-BFGS-B,2024,spring,cfa,top,wxs,1,women,6,3,8,25.0,5.0,12.0,6,150.0,31.23277227328194,0.0,25.23277227328194,302.7932672793833
L-BFGS-B,2024,spring,cfa,top,yl,1,youth,4,3,21,25.0,5.0,12.0,11,275.0,71.90682618420769,0.0,60.90682618420769,730.8819142104923
L-BFGS-B,2024,spring,cfa,top,ym,1,youth,3,3,22,25.0,5.0,12.0,22,550.0,120.39428738248371,0.0,98.39428738248371,1180.7314485898046
L-BFGS-B,2024,spring,cfa,top,ys,1,youth,2,3,6,25.0,5.0,12.0,24,600.0,162.41945719932772,0.0,138.41945719932772,1661.0334863919327
L-BFGS-B,2024,spring,cfa,top,yxl,1,youth,5,3,6,25.0,5.0,12.0,6,150.0,32.77424124947501,0.0,26.77424124947501,321.29089499370014
L-BFGS-B,2024,spring,spring,bottom,am,1,adult_men,12,3,1,16.0,3.0,8.0,6,96.0,10.118683283088073,0.0,4.118683283088073,32.94946626470458
L-BFGS-B,2024,spring,spring,bottom,as,1,adult_men,11,3,1,16.0,3.0,8.0,6,96.0,13.015710838054046,0.0,7.015710838054046,56.12568670443237
L-BFGS-B,2024,spring,spring,bottom,wl,1,women,9,3,1,16.0,3.0,8.0,6,96.0,9.184665874127786,0.0,3.184665874127786,25.477326993022288
L-BFGS-B,2024,spring,spring,bottom,wm,1,women,8,3,2,16.0,3.0,8.0,6,96.0,9.678433010011508,0.0,3.678433010011508,29.427464080092065
L-BFGS-B,2024,spring,spring,bottom,ws,1,women,7,3,7,16.0,3.0,8.0,6,96.0,10.915530281184713,0.0,4.915530281184713,39.324242249477706
L-BFGS-B,2024,spring,spring,bottom,wxs,1,women,6,3,2,16.0,3.0,8.0,6,96.0,10.571508898615683,0.0,4.571508898615683,36.57207118892546
L-BFGS-B,2024,spring,spring,bottom,yl,1,youth,4,3,5,16.0,3.0,8.0,6,96.0,19.67811680186138,0.0,13.678116801861378,109.42493441489103
L-BFGS-B,2024,spring,spring,bottom,ym,1,youth,3,3,7,16.0,3.0,8.0,6,96.0,19.615816705218712,0.0,13.615816705218712,108.9265336417497
L-BFGS-B,2024,spring,spring,bottom,ys,1,youth,2,3,3,16.0,3.0,8.0,7,112.0,25.458401704535703,0.0,18.458401704535703,147.66721363628562
L-BFGS-B,2024,spring,spring,bottom,yxs,1,youth,1,3,1,16.0,3.0,8.0,9,144.0,25.458401704535703,0.0,16.458401704535703,131.66721363628562
L-BFGS-B,2024,spring,spring,socks,al,1,adult_men,13,3,23,10.0,1.0,5.0,6,60.0,28.06974582852087,0.0,22.06974582852087,110.34872914260434
L-BFGS-B,2024,spring,spring,socks,am,1,adult_men,12,3,44,10.0,1.0,5.0,6,60.0,34.716125876239694,0.0,28.716125876239694,143.58062938119846
L-BFGS-B,2024,spring,spring,socks,as,1,adult_men,11,3,31,10.0,1.0,5.0,6,60.0,43.529762413205496,0.0,37.529762413205496,187.6488120660275
L-BFGS-B,2024,spring,spring,top,al,1,adult_men,13,3,1,25.0,5.0,12.0,6,150.0,25.953138910561833,0.0,19.953138910561833,239.437666926742
L-BFGS-B,2024,spring,spring,top,as,1,adult_men,11,3,1,25.0,5.0,12.0,6,150.0,36.62707046309152,0.0,30.62707046309152,367.5248455570983
L-BFGS-B,2024,spring,spring,top,wl,1,women,9,3,1,25.0,5.0,12.0,6,150.0,28.49873380491613,0.0,22.49873380491613,269.9848056589936
L-BFGS-B,2024,spring,spring,top,wm,1,women,8,3,2,25.0,5.0,12.0,6,150.0,30.258326627075004,0.0,24.258326627075004,291.09991952490003
L-BFGS-B,2024,spring,spring,top,ws,1,women,7,3,5,25.0,5.0,12.0,6,150.0,31.495423898248205,0.0,25.495423898248205,305.94508677897846
L-BFGS-B,2024,spring,spring,top,wxs,1,women,6,3,3,25.0,5.0,12.0,6,150.0,31.23277227328194,0.0,25.23277227328194,302.7932672793833
L-BFGS-B,2024,spring,spring,top,yl,1,youth,4,3,11,25.0,5.0,12.0,11,275.0,71.90682618420769,0.0,60.90682618420769,730.8819142104923
L-BFGS-B,2024,spring,spring,top,ym,1,youth,3,3,13,25.0,5.0,12.0,22,550.0,120.39428738248371,0.0,98.39428738248371,1180.7314485898046
L-BFGS-B,2024,spring,spring,top,ys,1,youth,2,3,14,25.0,5.0,12.0,24,600.0,162.41945719932772,0.0,138.41945719932772,1661.0334863919327
L-BFGS-B,2024,spring,spring,top,yxs,1,youth,1,3,2,25.0,5.0,12.0,24,600.0,162.41945719932772,0.0,138.41945719932772,1661.0334863919327
L-BFGS-B,2024,winter,cfa,bottom,wxs,1,women,6,2,1,16.0,3.0,8.0,6,96.0,9.184665874127786,0.0,3.184665874127786,25.477326993022288
L-BFGS-B,2024,winter,cfa,bottom,yl,1,youth,4,2,2,16.0,3.0,8.0,6,96.0,10.547155096984769,0.0,4.547155096984769,36.37724077587815
L-BFGS-B,2024,winter,cfa,bottom,ym,1,youth,3,2,4,16.0,3.0,8.0,6,96.0,9.184665874127786,0.0,3.184665874127786,25.477326993022288
L-BFGS-B,2024,winter,cfa,bottom,ys,1,youth,2,2,6,16.0,3.0,8.0,6,96.0,9.184665874127786,0.0,3.184665874127786,25.477326993022288
L-BFGS-B,2024,winter,cfa,socks,al,1,adult_men,13,2,5,10.0,1.0,5.0,6,60.0,21.967260124537603,0.0,15.967260124537603,79.83630062268801
L-BFGS-B,2024,winter,cfa,socks,am,1,adult_men,12,2,2,10.0,1.0,5.0,6,60.0,24.62515171143967,0.0,18.62515171143967,93.12575855719835
L-BFGS-B,2024,winter,cfa,socks,as,1,adult_men,11,2,4,10.0,1.0,5.0,6,60.0,33.43878824840545,0.0,27.43878824840545,137.19394124202725
L-BFGS-B,2024,winter,cfa,top,ym,1,youth,3,2,5,25.0,5.0,12.0,27,675.0,92.33014986949388,0.0,65.33014986949388,783.9617984339266
L-BFGS-B,2024,winter,cfa,top,ys,1,youth,2,2,3,25.0,5.0,12.0,40,1000.0,130.29244489932145,0.0,90.29244489932145,1083.5093387918573
L-BFGS-B,2024,winter,fall,bottom,yxs,1,youth,1,2,1,16.0,3.0,8.0,6,96.0,9.184665874127786,0.0,3.184665874127786,25.477326993022288
L-BFGS-B,2024,winter,fall,socks,as,1,adult_men,11,2,1,10.0,1.0,5.0,6,60.0,33.43878824840545,0.0,27.43878824840545,137.19394124202725
L-BFGS-B,2024,winter,fall,top,ym,1,youth,3,2,1,25.0,5.0,12.0,29,725.0,92.33014986949388,0.0,63.33014986949388,759.9617984339266
L-BFGS-B,2024,winter,winter,bottom,am,1,adult_men,12,2,1,16.0,3.0,8.0,6,96.0,9.184665874127786,0.0,3.184665874127786,25.477326993022288
L-BFGS-B,2024,winter,winter,bottom,as,1,adult_men,11,2,1,16.0,3.0,8.0,6,96.0,9.184665874127786,0.0,3.184665874127786,25.477326993022288
L-BFGS-B,2024,winter,winter,bottom,wl,1,women,9,2,1,16.0,3.0,8.0,6,96.0,9.184665874127786,0.0,3.184665874127786,25.477326993022288
L-BFGS-B,2024,winter,winter,bottom,ws,1,women,7,2,5,16.0,3.0,8.0,6,96.0,9.184665874127786,0.0,3.184665874127786,25.477326993022288
L-BFGS-B,2024,winter,winter,bottom,yl,1,youth,4,2,20,16.0,3.0,8.0,6,96.0,10.547155096984769,0.0,4.547155096984769,36.37724077587815
L-BFGS-B,2024,winter,winter,bottom,ym,1,youth,3,2,81,16.0,3.0,8.0,6,96.0,9.184665874127786,0.0,3.184665874127786,25.477326993022288
L-BFGS-B,2024,winter,winter,bottom,ys,1,youth,2,2,95,16.0,3.0,8.0,6,96.0,9.184665874127786,0.0,3.184665874127786,25.477326993022288
L-BFGS-B,2024,winter,winter,bottom,yxs,1,youth,1,2,81,16.0,3.0,8.0,6,96.0,9.184665874127786,0.0,3.184665874127786,25.477326993022288
L-BFGS-B,2024,winter,winter,socks,al,1,adult_men,13,2,23,10.0,1.0,5.0,6,60.0,21.967260124537603,0.0,15.967260124537603,79.83630062268801
L-BFGS-B,2024,winter,winter,socks,am,1,adult_men,12,2,80,10.0,1.0,5.0,6,60.0,24.62515171143967,0.0,18.62515171143967,93.12575855719835
L-BFGS-B,2024,winter,winter,socks,as,1,adult_men,11,2,196,10.0,1.0,5.0,6,60.0,33.43878824840545,0.0,27.43878824840545,137.19394124202725
L-BFGS-B,2024,winter,winter,top,al,1,adult_men,13,2,4,25.0,5.0,12.0,6,150.0,21.70232042928973,0.0,15.702320429289731,188.4278451514768
L-BFGS-B,2024,winter,winter,top,am,1,adult_men,12,2,4,25.0,5.0,12.0,6,150.0,21.70232042928973,0.0,15.702320429289731,188.4278451514768
L-BFGS-B,2024,winter,winter,top,as,1,adult_men,11,2,18,25.0,5.0,12.0,6,150.0,24.265635997420222,0.0,18.265635997420222,219.18763196904268
L-BFGS-B,2024,winter,winter,top,axl,1,adult_men,14,2,1,25.0,5.0,12.0,6,150.0,21.70232042928973,0.0,15.702320429289731,188.4278451514768
L-BFGS-B,2024,winter,winter,top,wm,1,women,8,2,1,25.0,5.0,12.0,6,150.0,21.70232042928973,0.0,15.702320429289731,188.4278451514768
L-BFGS-B,2024,winter,winter,top,ws,1,women,7,2,2,25.0,5.0,12.0,6,150.0,21.70232042928973,0.0,15.702320429289731,188.4278451514768
L-BFGS-B,2024,winter,winter,top,wxs,1,women,6,2,3,25.0,5.0,12.0,6,150.0,21.70232042928973,0.0,15.702320429289731,188.4278451514768
L-BFGS-B,2024,winter,winter,top,yl,1,youth,4,2,80,25.0,5.0,12.0,6,150.0,51.89828869371227,0.0,45.89828869371227,550.7794643245472
L-BFGS-B,2024,winter,winter,top,ym,1,youth,3,2,213,25.0,5.0,12.0,29,725.0,92.33014986949388,0.0,63.33014986949388,759.9617984339266
L-BFGS-B,2024,winter,winter,top,ys,1,youth,2,2,389,25.0,5.0,12.0,40,1000.0,130.29244489932145,0.0,90.29244489932145,1083.5093387918573
L-BFGS-B,2024,winter,winter,top,yxs,1,youth,1,2,142,25.0,5.0,12.0,40,1000.0,130.29244489932145,0.0,90.29244489932145,1083.5093387918573
Gradient Descent,2024,fall,cfa,bottom,al,1,adult_men,13,1,6,16.0,3.0,8.0,6,96.0,9.184665874127786,0.0,3.184665874127786,25.477326993022288
Gradient Descent,2024,fall,cfa,bottom,am,1,adult_men,12,1,15,16.0,3.0,8.0,6,96.0,9.184665874127786,0.0,3.184665874127786,25.477326993022288
Gradient Descent,2024,fall,cfa,bottom,as,1,adult_men,11,1,6,16.0,3.0,8.0,14,224.0,20.657838165149975,0.0,6.657838165149975,53.2627053211998
Gradient Descent,2024,fall,cfa,bottom,wm,1,women,8,1,11,16.0,3.0,8.0,11,176.0,12.696566721298815,0.0,1.6965667212988151,13.572533770390521
Gradient Descent,2024,fall,cfa,bottom,ws,1,women,7,1,29,16.0,3.0,8.0,12,192.0,13.434192333031499,0.0,1.4341923330314987,11.47353866425199
Gradient Descent,2024,fall,cfa,bottom,wxs,1,women,6,1,19,16.0,3.0,8.0,11,176.0,13.171540708065237,0.0,2.171540708065237,17.372325664521895
Gradient Descent,2024,fall,cfa,bottom,yl,1,youth,4,1,36,16.0,3.0,8.0,21,336.0,39.65652713525163,0.0,18.65652713525163,149.25221708201303
Gradient Descent,2024,fall,cfa,bottom,ym,1,youth,3,1,43,16.0,3.0,8.0,21,336.0,52.62769797606895,0.0,31.62769797606895,253.0215838085516
Gradient Descent,2024,fall,cfa,bottom,ys,1,youth,2,1,21,16.0,3.0,8.0,21,336.0,107.30346125594951,0.0,86.30346125594951,690.4276900475961
Gradient Descent,2024,fall,cfa,bottom,yxl,1,youth,5,1,4,16.0,3.0,8.0,6,96.0,9.184665874127786,0.0,3.184665874127786,25.477326993022288
Gradient Descent,2024,fall,cfa,bottom,yxs,1,youth,1,1,3,16.0,3.0,8.0,21,336.0,107.30346125594951,0.0,86.30346125594951,690.4276900475961
Gradient Descent,2024,fall,cfa,top,al,1,adult_men,13,1,7,25.0,5.0,12.0,6,150.0,21.70232042928973,0.0,15.702320429289731,188.4278451514768
Gradient Descent,2024,fall,cfa,top,am,1,adult_men,12,1,10,25.0,5.0,12.0,10,250.0,24.74802025083342,0.0,14.74802025083342,176.97624301000104
Gradient Descent,2024,fall,cfa,top,as,1,adult_men,11,1,11,25.0,5.0,12.0,18,450.0,47.02334720613978,0.0,29.023347206139782,348.28016647367735
Gradient Descent,2024,fall,cfa,top,axl,1,adult_men,14,1,1,25.0,5.0,12.0,6,150.0,21.70232042928973,0.0,15.702320429289731,188.4278451514768
Gradient Descent,2024,fall,cfa,top,wl,1,women,9,1,3,25.0,5.0,12.0,18,450.0,34.13820842512623,0.0,16.13820842512623,193.65850110151476
Gradient Descent,2024,fall,cfa,top,wm,1,women,8,1,12,25.0,5.0,12.0,18,450.0,34.46358057625489,0.0,16.46358057625489,197.5629669150587
Gradient Descent,2024,fall,cfa,top,ws,1,women,7,1,22,25.0,5.0,12.0,18,450.0,36.209405938999375,0.0,18.209405938999375,218.5128712679925
Gradient Descent,2024,fall,cfa,top,wxs,1,women,6,1,11,25.0,5.0,12.0,18,450.0,35.94675431403311,0.0,17.946754314033107,215.3610517683973
Gradient Descent,2024,fall,cfa,top,yl,1,youth,4,1,34,25.0,5.0,12.0,27,675.0,79.66093000008739,0.0,52.66093000008739,631.9311600010487
Gradient Descent,2024,fall,cfa,top,ym,1,youth,3,1,32,25.0,5.0,12.0,28,700.0,132.68392218047094,0.0,104.68392218047094,1256.2070661656512
Gradient Descent,2024,fall,cfa,top,ys,1,youth,2,1,21,25.0,5.0,12.0,28,700.0,228.1165642432119,0.0,200.1165642432119,2401.398770918543
Gradient Descent,2024,fall,cfa,top,yxl,1,youth,5,1,8,25.0,5.0,12.0,18,450.0,30.829146203799528,0.0,12.829146203799528,153.94975444559435
Gradient Descent,2024,fall,fall,socks,al,1,adult_men,13,1,37,10.0,1.0,5.0,6,60.0,34.130451906496084,0.0,28.130451906496084,140.65225953248043
Gradient Descent,2024,fall,fall,socks,am,1,adult_men,12,1,79,10.0,1.0,5.0,6,60.0,40.77683195421494,0.0,34.77683195421494,173.8841597710747
Gradient Descent,2024,fall,fall,socks,as,1,adult_men,11,1,42,10.0,1.0,5.0,15,150.0,70.39606992980924,0.0,55.396069929809244,276.9803496490462
Gradient Descent,2024,spring,cfa,bottom,al,1,adult_men,13,3,3,16.0,3.0,8.0,6,96.0,9.184665874127786,0.0,3.184665874127786,25.477326993022288
Gradient Descent,2024,spring,cfa,bottom,am,1,adult_men,12,3,4,16.0,3.0,8.0,6,96.0,10.118683283088073,0.0,4.118683283088073,32.94946626470458
Gradient Descent,2024,spring,cfa,bottom,as,1,adult_men,11,3,5,16.0,3.0,8.0,6,96.0,13.015710838054046,0.0,7.015710838054046,56.12568670443237
Gradient Descent,2024,spring,cfa,bottom,wm,1,women,8,3,5,16.0,3.0,8.0,6,96.0,9.678433010011508,0.0,3.678433010011508,29.427464080092065
Gradient Descent,2024,spring,cfa,bottom,ws,1,women,7,3,9,16.0,3.0,8.0,6,96.0,10.915530281184713,0.0,4.915530281184713,39.324242249477706
Gradient Descent,2024,spring,cfa,bottom,wxs,1,women,6,3,16,16.0,3.0,8.0,6,96.0,10.571508898615683,0.0,4.571508898615683,36.57207118892546
Gradient Descent,2024,spring,cfa,bottom,yl,1,youth,4,3,7,16.0,3.0,8.0,6,96.0,19.67811680186138,0.0,13.678116801861378,109.42493441489103
Gradient Descent,2024,spring,cfa,bottom,ym,1,youth,3,3,20,16.0,3.0,8.0,6,96.0,19.615816705218712,0.0,13.615816705218712,108.9265336417497
Gradient Descent,2024,spring,cfa,bottom,ys,1,youth,2,3,9,16.0,3.0,8.0,10,160.0,25.458401704535703,0.0,15.458401704535703,123.66721363628562
Gradient Descent,2024,spring,cfa,bottom,yxl,1,youth,5,3,4,16.0,3.0,8.0,6,96.0,9.184665874127786,0.0,3.184665874127786,25.477326993022288
Gradient Descent,2024,spring,cfa,bottom,yxs,1,youth,1,3,3,16.0,3.0,8.0,10,160.0,25.458401704535703,0.0,15.458401704535703,123.66721363628562
Gradient Descent,2024,spring,cfa,socks,al,1,adult_men,13,3,1,10.0,1.0,5.0,6,60.0,28.06974582852087,0.0,22.06974582852087,110.34872914260434
Gradient Descent,2024,spring,cfa,socks,am,1,adult_men,12,3,7,10.0,1.0,5.0,6,60.0,34.716125876239694,0.0,28.716125876239694,143.58062938119846
Gradient Descent,2024,spring,cfa,socks,as,1,adult_men,11,3,2,10.0,1.0,5.0,6,60.0,43.529762413205496,0.0,37.529762413205496,187.6488120660275
Gradient Descent,2024,spring,cfa,top,al,1,adult_men,13,3,2,25.0,5.0,12.0,9,225.0,25.953138910561833,0.0,16.953138910561833,203.437666926742
Gradient Descent,2024,spring,cfa,top,am,1,adult_men,12,3,7,25.0,5.0,12.0,9,225.0,29.763410859885013,0.0,20.763410859885013,249.16093031862016
Gradient Descent,2024,spring,cfa,top,as,1,adult_men,11,3,2,25.0,5.0,12.0,9,225.0,36.62707046309152,0.0,27.62707046309152,331.5248455570983
Gradient Descent,2024,spring,cfa,top,wl,1,women,9,3,4,25.0,5.0,12.0,9,225.0,28.49873380491613,0.0,19.49873380491613,233.9848056589936
Gradient Descent,2024,spring,cfa,top,wm,1,women,8,3,13,25.0,5.0,12.0,9,225.0,30.258326627075004,0.0,21.258326627075004,255.09991952490003
Gradient Descent,2024,spring,cfa,top,ws,1,women,7,3,11,25.0,5.0,12.0,9,225.0,31.495423898248205,0.0,22.495423898248205,269.94508677897846
Gradient Descent,2024,spring,cfa,top,wxs,1,women,6,3,8,25.0,5.0,12.0,9,225.0,31.23277227328194,0.0,22.23277227328194,266.7932672793833
Gradient Descent,2024,spring,cfa,top,yl,1,youth,4,3,21,25.0,5.0,12.0,12,300.0,71.90682618420769,0.0,59.90682618420769,718.8819142104923
Gradient Descent,2024,spring,cfa,top,ym,1,youth,3,3,22,25.0,5.0,12.0,12,300.0,120.39428738248371,0.0,108.39428738248371,1300.7314485898046
Gradient Descent,2024,spring,cfa,top,ys,1,youth,2,3,6,25.0,5.0,12.0,12,300.0,162.41945719932772,0.0,150.41945719932772,1805.0334863919327
Gradient Descent,2024,spring,cfa,top,yxl,1,youth,5,3,6,25.0,5.0,12.0,9,225.0,32.77424124947501,0.0,23.77424124947501,285.29089499370014
Gradient Descent,2024,spring,spring,bottom,am,1,adult_men,12,3,1,16.0,3.0,8.0,6,96.0,10.118683283088073,0.0,4.118683283088073,32.94946626470458
Gradient Descent,2024,spring,spring,bottom,as,1,adult_men,11,3,1,16.0,3.0,8.0,6,96.0,13.015710838054046,0.0,7.015710838054046,56.12568670443237
Gradient Descent,2024,spring,spring,bottom,wl,1,women,9,3,1,16.0,3.0,8.0,6,96.0,9.184665874127786,0.0,3.184665874127786,25.477326993022288
Gradient Descent,2024,spring,spring,bottom,wm,1,women,8,3,2,16.0,3.0,8.0,6,96.0,9.678433010011508,0.0,3.678433010011508,29.427464080092065
Gradient Descent,2024,spring,spring,bottom,ws,1,women,7,3,7,16.0,3.0,8.0,7,112.0,10.915530281184713,0.0,3.9155302811847132,31.324242249477706
Gradient Descent,2024,spring,spring,bottom,wxs,1,women,6,3,2,16.0,3.0,8.0,8,128.0,10.571508898615683,0.0,2.571508898615683,20.572071188925463
Gradient Descent,2024,spring,spring,bottom,yl,1,youth,4,3,5,16.0,3.0,8.0,8,128.0,19.67811680186138,0.0,11.678116801861378,93.42493441489103
Gradient Descent,2024,spring,spring,bottom,ym,1,youth,3,3,7,16.0,3.0,8.0,8,128.0,19.615816705218712,0.0,11.615816705218712,92.9265336417497
Gradient Descent,2024,spring,spring,bottom,ys,1,youth,2,3,3,16.0,3.0,8.0,10,160.0,25.458401704535703,0.0,15.458401704535703,123.66721363628562
Gradient Descent,2024,spring,spring,bottom,yxs,1,youth,1,3,1,16.0,3.0,8.0,10,160.0,25.458401704535703,0.0,15.458401704535703,123.66721363628562
Gradient Descent,2024,spring,spring,socks,al,1,adult_men,13,3,23,10.0,1.0,5.0,6,60.0,28.06974582852087,0.0,22.06974582852087,110.34872914260434
Gradient Descent,2024,spring,spring,socks,am,1,adult_men,12,3,44,10.0,1.0,5.0,6,60.0,34.716125876239694,0.0,28.716125876239694,143.58062938119846
Gradient Descent,2024,spring,spring,socks,as,1,adult_men,11,3,31,10.0,1.0,5.0,6,60.0,43.529762413205496,0.0,37.529762413205496,187.6488120660275
Gradient Descent,2024,spring,spring,top,al,1,adult_men,13,3,1,25.0,5.0,12.0,9,225.0,25.953138910561833,0.0,16.953138910561833,203.437666926742
Gradient Descent,2024,spring,spring,top,as,1,adult_men,11,3,1,25.0,5.0,12.0,9,225.0,36.62707046309152,0.0,27.62707046309152,331.5248455570983
Gradient Descent,2024,spring,spring,top,wl,1,women,9,3,1,25.0,5.0,12.0,9,225.0,28.49873380491613,0.0,19.49873380491613,233.9848056589936
Gradient Descent,2024,spring,spring,top,wm,1,women,8,3,2,25.0,5.0,12.0,9,225.0,30.258326627075004,0.0,21.258326627075004,255.09991952490003
Gradient Descent,2024,spring,spring,top,ws,1,women,7,3,5,25.0,5.0,12.0,9,225.0,31.495423898248205,0.0,22.495423898248205,269.94508677897846
Gradient Descent,2024,spring,spring,top,wxs,1,women,6,3,3,25.0,5.0,12.0,9,225.0,31.23277227328194,0.0,22.23277227328194,266.7932672793833
Gradient Descent,2024,spring,spring,top,yl,1,youth,4,3,11,25.0,5.0,12.0,12,300.0,71.90682618420769,0.0,59.90682618420769,718.8819142104923
Gradient Descent,2024,spring,spring,top,ym,1,youth,3,3,13,25.0,5.0,12.0,12,300.0,120.39428738248371,0.0,108.39428738248371,1300.7314485898046
Gradient Descent,2024,spring,spring,top,ys,1,youth,2,3,14,25.0,5.0,12.0,12,300.0,162.41945719932772,0.0,150.41945719932772,1805.0334863919327
Gradient Descent,2024,spring,spring,top,yxs,1,youth,1,3,2,25.0,5.0,12.0,12,300.0,162.41945719932772,0.0,150.41945719932772,1805.0334863919327
Gradient Descent,2024,winter,cfa,bottom,wxs,1,women,6,2,1,16.0,3.0,8.0,6,96.0,9.184665874127786,0.0,3.184665874127786,25.477326993022288
Gradient Descent,2024,winter,cfa,bottom,yl,1,youth,4,2,2,16.0,3.0,8.0,9,144.0,10.547155096984769,0.0,1.5471550969847687,12.37724077587815
Gradient Descent,2024,winter,cfa,bottom,ym,1,youth,3,2,4,16.0,3.0,8.0,6,96.0,9.184665874127786,0.0,3.184665874127786,25.477326993022288
Gradient Descent,2024,winter,cfa,bottom,ys,1,youth,2,2,6,16.0,3.0,8.0,6,96.0,9.184665874127786,0.0,3.184665874127786,25.477326993022288
Gradient Descent,2024,winter,cfa,socks,al,1,adult_men,13,2,5,10.0,1.0,5.0,8,80.0,21.967260124537603,0.0,13.967260124537603,69.83630062268801
Gradient Descent,2024,winter,cfa,socks,am,1,adult_men,12,2,2,10.0,1.0,5.0,10,100.0,24.62515171143967,0.0,14.62515171143967,73.12575855719835
Gradient Descent,2024,winter,cfa,socks,as,1,adult_men,11,2,4,10.0,1.0,5.0,12,120.0,33.43878824840545,0.0,21.43878824840545,107.19394124202725
Gradient Descent,2024,winter,cfa,top,ym,1,youth,3,2,5,25.0,5.0,12.0,27,675.0,92.33014986949388,0.0,65.33014986949388,783.9617984339266
Gradient Descent,2024,winter,cfa,top,ys,1,youth,2,2,3,25.0,5.0,12.0,27,675.0,130.29244489932145,0.0,103.29244489932145,1239.5093387918573
Gradient Descent,2024,winter,fall,bottom,yxs,1,youth,1,2,1,16.0,3.0,8.0,6,96.0,9.184665874127786,0.0,3.184665874127786,25.477326993022288
Gradient Descent,2024,winter,fall,socks,as,1,adult_men,11,2,1,10.0,1.0,5.0,12,120.0,33.43878824840545,0.0,21.43878824840545,107.19394124202725
Gradient Descent,2024,winter,fall,top,ym,1,youth,3,2,1,25.0,5.0,12.0,27,675.0,92.33014986949388,0.0,65.33014986949388,783.9617984339266
Gradient Descent,2024,winter,winter,bottom,am,1,adult_men,12,2,1,16.0,3.0,8.0,6,96.0,9.184665874127786,0.0,3.184665874127786,25.477326993022288
Gradient Descent,2024,winter,winter,bottom,as,1,adult_men,11,2,1,16.0,3.0,8.0,6,96.0,9.184665874127786,0.0,3.184665874127786,25.477326993022288
Gradient Descent,2024,winter,winter,bottom,wl,1,women,9,2,1,16.0,3.0,8.0,6,96.0,9.184665874127786,0.0,3.184665874127786,25.477326993022288
Gradient Descent,2024,winter,winter,bottom,ws,1,women,7,2,5,16.0,3.0,8.0,6,96.0,9.184665874127786,0.0,3.184665874127786,25.477326993022288
Gradient Descent,2024,winter,winter,bottom,yl,1,youth,4,2,20,16.0,3.0,8.0,9,144.0,10.547155096984769,0.0,1.5471550969847687,12.37724077587815
Gradient Descent,2024,winter,winter,bottom,ym,1,youth,3,2,81,16.0,3.0,8.0,6,96.0,9.184665874127786,0.0,3.184665874127786,25.477326993022288
Gradient Descent,2024,winter,winter,bottom,ys,1,youth,2,2,95,16.0,3.0,8.0,6,96.0,9.184665874127786,0.0,3.184665874127786,25.477326993022288
Gradient Descent,2024,winter,winter,bottom,yxs,1,youth,1,2,81,16.0,3.0,8.0,6,96.0,9.184665874127786,0.0,3.184665874127786,25.477326993022288
Gradient Descent,2024,winter,winter,socks,al,1,adult_men,13,2,23,10.0,1.0,5.0,8,80.0,21.967260124537603,0.0,13.967260124537603,69.83630062268801
Gradient Descent,2024,winter,winter,socks,am,1,adult_men,12,2,80,10.0,1.0,5.0,10,100.0,24.62515171143967,0.0,14.62515171143967,73.12575855719835
Gradient Descent,2024,winter,winter,socks,as,1,adult_men,11,2,196,10.0,1.0,5.0,12,120.0,33.43878824840545,0.0,21.43878824840545,107.19394124202725
Gradient Descent,2024,winter,winter,top,al,1,adult_men,13,2,4,25.0,5.0,12.0,6,150.0,21.70232042928973,0.0,15.702320429289731,188.4278451514768
Gradient Descent,2024,winter,winter,top,am,1,adult_men,12,2,4,25.0,5.0,12.0,8,200.0,21.70232042928973,0.0,13.702320429289731,164.4278451514768
Gradient Descent,2024,winter,winter,top,as,1,adult_men,11,2,18,25.0,5.0,12.0,11,275.0,24.265635997420222,0.0,13.265635997420222,159.18763196904268
Gradient Descent,2024,winter,winter,top,axl,1,adult_men,14,2,1,25.0,5.0,12.0,8,200.0,21.70232042928973,0.0,13.702320429289731,164.4278451514768
Gradient Descent,2024,winter,winter,top,wm,1,women,8,2,1,25.0,5.0,12.0,8,200.0,21.70232042928973,0.0,13.702320429289731,164.4278451514768
Gradient Descent,2024,winter,winter,top,ws,1,women,7,2,2,25.0,5.0,12.0,8,200.0,21.70232042928973,0.0,13.702320429289731,164.4278451514768
Gradient Descent,2024,winter,winter,top,wxs,1,women,6,2,3,25.0,5.0,12.0,8,200.0,21.70232042928973,0.0,13.702320429289731,164.4278451514768
Gradient Descent,2024,winter,winter,top,yl,1,youth,4,2,80,25.0,5.0,12.0,18,450.0,51.89828869371227,0.0,33.89828869371227,406.77946432454723
Gradient Descent,2024,winter,winter,top,ym,1,youth,3,2,213,25.0,5.0,12.0,27,675.0,92.33014986949388,0.0,65.33014986949388,783.9617984339266
Gradient Descent,2024,winter,winter,top,ys,1,youth,2,2,389,25.0,5.0,12.0,27,675.0,130.29244489932145,0.0,103.29244489932145,1239.5093387918573
Gradient Descent,2024,winter,winter,top,yxs,1,youth,1,2,142,25.0,5.0,12.0,27,675.0,130.29244489932145,0.0,103.29244489932145,1239.5093387918573
SGD,2024,fall,cfa,bottom,al,1,adult_men,13,1,6,16.0,3.0,8.0,6,96.0,9.184665874127786,0.0,3.184665874127786,25.477326993022288
SGD,2024,fall,cfa,bottom,am,1,adult_men,12,1,15,16.0,3.0,8.0,6,96.0,9.184665874127786,0.0,3.184665874127786,25.477326993022288
SGD,2024,fall,cfa,bottom,as,1,adult_men,11,1,6,16.0,3.0,8.0,14,224.0,20.657838165149975,0.0,6.657838165149975,53.2627053211998
SGD,2024,fall,cfa,bottom,wm,1,women,8,1,11,16.0,3.0,8.0,11,176.0,12.696566721298815,0.0,1.6965667212988151,13.572533770390521
SGD,2024,fall,cfa,bottom,ws,1,women,7,1,29,16.0,3.0,8.0,12,192.0,13.434192333031499,0.0,1.4341923330314987,11.47353866425199
SGD,2024,fall,cfa,bottom,wxs,1,women,6,1,19,16.0,3.0,8.0,12,192.0,13.171540708065237,0.0,1.171540708065237,9.372325664521895
SGD,2024,fall,cfa,bottom,yl,1,youth,4,1,36,16.0,3.0,8.0,20,320.0,39.65652713525163,0.0,19.65652713525163,157.25221708201303
SGD,2024,fall,cfa,bottom,ym,1,youth,3,1,43,16.0,3.0,8.0,20,320.0,52.62769797606895,0.0,32.62769797606895,261.0215838085516
SGD,2024,fall,cfa,bottom,ys,1,youth,2,1,21,16.0,3.0,8.0,21,336.0,107.30346125594951,0.0,86.30346125594951,690.4276900475961
SGD,2024,fall,cfa,bottom,yxl,1,youth,5,1,4,16.0,3.0,8.0,6,96.0,9.184665874127786,0.0,3.184665874127786,25.477326993022288
SGD,2024,fall,cfa,bottom,yxs,1,youth,1,1,3,16.0,3.0,8.0,21,336.0,107.30346125594951,0.0,86.30346125594951,690.4276900475961
SGD,2024,fall,cfa,top,al,1,adult_men,13,1,7,25.0,5.0,12.0,6,150.0,21.70232042928973,0.0,15.702320429289731,188.4278451514768
SGD,2024,fall,cfa,top,am,1,adult_men,12,1,10,25.0,5.0,12.0,11,275.0,24.74802025083342,0.0,13.74802025083342,164.97624301000104
SGD,2024,fall,cfa,top,as,1,adult_men,11,1,11,25.0,5.0,12.0,18,450.0,47.02334720613978,0.0,29.023347206139782,348.28016647367735
SGD,2024,fall,cfa,top,axl,1,adult_men,14,1,1,25.0,5.0,12.0,6,150.0,21.70232042928973,0.0,15.702320429289731,188.4278451514768
SGD,2024,fall,cfa,top,wl,1,women,9,1,3,25.0,5.0,12.0,17,425.0,34.13820842512623,0.0,17.13820842512623,205.65850110151476
SGD,2024,fall,cfa,top,wm,1,women,8,1,12,25.0,5.0,12.0,17,425.0,34.46358057625489,0.0,17.46358057625489,209.5629669150587
SGD,2024,fall,cfa,top,ws,1,women,7,1,22,25.0,5.0,12.0,17,425.0,36.209405938999375,0.0,19.209405938999375,230.5128712679925
SGD,2024,fall,cfa,top,wxs,1,women,6,1,11,25.0,5.0,12.0,17,425.0,35.94675431403311,0.0,18.946754314033107,227.3610517683973
SGD,2024,fall,cfa,top,yl,1,youth,4,1,34,25.0,5.0,12.0,27,675.0,79.66093000008739,0.0,52.66093000008739,631.9311600010487
SGD,2024,fall,cfa,top,ym,1,youth,3,1,32,25.0,5.0,12.0,28,700.0,132.68392218047094,0.0,104.68392218047094,1256.2070661656512
SGD,2024,fall,cfa,top,ys,1,youth,2,1,21,25.0,5.0,12.0,29,725.0,228.1165642432119,0.0,199.1165642432119,2389.398770918543
SGD,2024,fall,cfa,top,yxl,1,youth,5,1,8,25.0,5.0,12.0,17,425.0,30.829146203799528,0.0,13.829146203799528,165.94975444559435
SGD,2024,fall,fall,socks,al,1,adult_men,13,1,37,10.0,1.0,5.0,9,90.0,34.130451906496084,0.0,25.130451906496084,125.65225953248043
SGD,2024,fall,fall,socks,am,1,adult_men,12,1,79,10.0,1.0,5.0,12,120.0,40.77683195421494,0.0,28.77683195421494,143.8841597710747
SGD,2024,fall,fall,socks,as,1,adult_men,11,1,42,10.0,1.0,5.0,15,150.0,70.39606992980924,0.0,55.396069929809244,276.9803496490462
SGD,2024,spring,cfa,bottom,al,1,adult_men,13,3,3,16.0,3.0,8.0,6,96.0,9.184665874127786,0.0,3.184665874127786,25.477326993022288
SGD,2024,spring,cfa,bottom,am,1,adult_men,12,3,4,16.0,3.0,8.0,6,96.0,10.118683283088073,0.0,4.118683283088073,32.94946626470458
SGD,2024,spring,cfa,bottom,as,1,adult_men,11,3,5,16.0,3.0,8.0,6,96.0,13.015710838054046,0.0,7.015710838054046,56.12568670443237
SGD,2024,spring,cfa,bottom,wm,1,women,8,3,5,16.0,3.0,8.0,6,96.0,9.678433010011508,0.0,3.678433010011508,29.427464080092065
SGD,2024,spring,cfa,bottom,ws,1,women,7,3,9,16.0,3.0,8.0,6,96.0,10.915530281184713,0.0,4.915530281184713,39.324242249477706
SGD,2024,spring,cfa,bottom,wxs,1,women,6,3,16,16.0,3.0,8.0,6,96.0,10.571508898615683,0.0,4.571508898615683,36.57207118892546
SGD,2024,spring,cfa,bottom,yl,1,youth,4,3,7,16.0,3.0,8.0,6,96.0,19.67811680186138,0.0,13.678116801861378,109.42493441489103
SGD,2024,spring,cfa,bottom,ym,1,youth,3,3,20,16.0,3.0,8.0,6,96.0,19.615816705218712,0.0,13.615816705218712,108.9265336417497
SGD,2024,spring,cfa,bottom,ys,1,youth,2,3,9,16.0,3.0,8.0,10,160.0,25.458401704535703,0.0,15.458401704535703,123.66721363628562
SGD,2024,spring,cfa,bottom,yxl,1,youth,5,3,4,16.0,3.0,8.0,6,96.0,9.184665874127786,0.0,3.184665874127786,25.477326993022288
SGD,2024,spring,cfa,bottom,yxs,1,youth,1,3,3,16.0,3.0,8.0,10,160.0,25.458401704535703,0.0,15.458401704535703,123.66721363628562
SGD,2024,spring,cfa,socks,al,1,adult_men,13,3,1,10.0,1.0,5.0,6,60.0,28.06974582852087,0.0,22.06974582852087,110.34872914260434
SGD,2024,spring,cfa,socks,am,1,adult_men,12,3,7,10.0,1.0,5.0,6,60.0,34.716125876239694,0.0,28.716125876239694,143.58062938119846
SGD,2024,spring,cfa,socks,as,1,adult_men,11,3,2,10.0,1.0,5.0,6,60.0,43.529762413205496,0.0,37.529762413205496,187.6488120660275
SGD,2024,spring,cfa,top,al,1,adult_men,13,3,2,25.0,5.0,12.0,9,225.0,25.953138910561833,0.0,16.953138910561833,203.437666926742
SGD,2024,spring,cfa,top,am,1,adult_men,12,3,7,25.0,5.0,12.0,9,225.0,29.763410859885013,0.0,20.763410859885013,249.16093031862016
SGD,2024,spring,cfa,top,as,1,adult_men,11,3,2,25.0,5.0,12.0,9,225.0,36.62707046309152,0.0,27.62707046309152,331.5248455570983
SGD,2024,spring,cfa,top,wl,1,women,9,3,4,25.0,5.0,12.0,9,225.0,28.49873380491613,0.0,19.49873380491613,233.9848056589936
SGD,2024,spring,cfa,top,wm,1,women,8,3,13,25.0,5.0,12.0,9,225.0,30.258326627075004,0.0,21.258326627075004,255.09991952490003
SGD,2024,spring,cfa,top,ws,1,women,7,3,11,25.0,5.0,12.0,9,225.0,31.495423898248205,0.0,22.495423898248205,269.94508677897846
SGD,2024,spring,cfa,top,wxs,1,women,6,3,8,25.0,5.0,12.0,9,225.0,31.23277227328194,0.0,22.23277227328194,266.7932672793833
SGD,2024,spring,cfa,top,yl,1,youth,4,3,21,25.0,5.0,12.0,12,300.0,71.90682618420769,0.0,59.90682618420769,718.8819142104923
SGD,2024,spring,cfa,top,ym,1,youth,3,3,22,25.0,5.0,12.0,12,300.0,120.39428738248371,0.0,108.39428738248371,1300.7314485898046
SGD,2024,spring,cfa,top,ys,1,youth,2,3,6,25.0,5.0,12.0,12,300.0,162.41945719932772,0.0,150.41945719932772,1805.0334863919327
SGD,2024,spring,cfa,top,yxl,1,youth,5,3,6,25.0,5.0,12.0,9,225.0,32.77424124947501,0.0,23.77424124947501,285.29089499370014
SGD,2024,spring,spring,bottom,am,1,adult_men,12,3,1,16.0,3.0,8.0,6,96.0,10.118683283088073,0.0,4.118683283088073,32.94946626470458
SGD,2024,spring,spring,bottom,as,1,adult_men,11,3,1,16.0,3.0,8.0,6,96.0,13.015710838054046,0.0,7.015710838054046,56.12568670443237
SGD,2024,spring,spring,bottom,wl,1,women,9,3,1,16.0,3.0,8.0,6,96.0,9.184665874127786,0.0,3.184665874127786,25.477326993022288
SGD,2024,spring,spring,bottom,wm,1,women,8,3,2,16.0,3.0,8.0,6,96.0,9.678433010011508,0.0,3.678433010011508,29.427464080092065
SGD,2024,spring,spring,bottom,ws,1,women,7,3,7,16.0,3.0,8.0,7,112.0,10.915530281184713,0.0,3.9155302811847132,31.324242249477706
SGD,2024,spring,spring,bottom,wxs,1,women,6,3,2,16.0,3.0,8.0,8,128.0,10.571508898615683,0.0,2.571508898615683,20.572071188925463
SGD,2024,spring,spring,bottom,yl,1,youth,4,3,5,16.0,3.0,8.0,8,128.0,19.67811680186138,0.0,11.678116801861378,93.42493441489103
SGD,2024,spring,spring,bottom,ym,1,youth,3,3,7,16.0,3.0,8.0,8,128.0,19.615816705218712,0.0,11.615816705218712,92.9265336417497
SGD,2024,spring,spring,bottom,ys,1,youth,2,3,3,16.0,3.0,8.0,10,160.0,25.458401704535703,0.0,15.458401704535703,123.66721363628562
SGD,2024,spring,spring,bottom,yxs,1,youth,1,3,1,16.0,3.0,8.0,10,160.0,25.458401704535703,0.0,15.458401704535703,123.66721363628562
SGD,2024,spring,spring,socks,al,1,adult_men,13,3,23,10.0,1.0,5.0,6,60.0,28.06974582852087,0.0,22.06974582852087,110.34872914260434
SGD,2024,spring,spring,socks,am,1,adult_men,12,3,44,10.0,1.0,5.0,6,60.0,34.716125876239694,0.0,28.716125876239694,143.58062938119846
SGD,2024,spring,spring,socks,as,1,adult_men,11,3,31,10.0,1.0,5.0,6,60.0,43.529762413205496,0.0,37.529762413205496,187.6488120660275
SGD,2024,spring,spring,top,al,1,adult_men,13,3,1,25.0,5.0,12.0,9,225.0,25.953138910561833,0.0,16.953138910561833,203.437666926742
SGD,2024,spring,spring,top,as,1,adult_men,11,3,1,25.0,5.0,12.0,9,225.0,36.62707046309152,0.0,27.62707046309152,331.5248455570983
SGD,2024,spring,spring,top,wl,1,women,9,3,1,25.0,5.0,12.0,9,225.0,28.49873380491613,0.0,19.49873380491613,233.9848056589936
SGD,2024,spring,spring,top,wm,1,women,8,3,2,25.0,5.0,12.0,9,225.0,30.258326627075004,0.0,21.258326627075004,255.09991952490003
SGD,2024,spring,spring,top,ws,1,women,7,3,5,25.0,5.0,12.0,9,225.0,31.495423898248205,0.0,22.495423898248205,269.94508677897846
SGD,2024,spring,spring,top,wxs,1,women,6,3,3,25.0,5.0,12.0,9,225.0,31.23277227328194,0.0,22.23277227328194,266.7932672793833
SGD,2024,spring,spring,top,yl,1,youth,4,3,11,25.0,5.0,12.0,12,300.0,71.90682618420769,0.0,59.90682618420769,718.8819142104923
SGD,2024,spring,spring,top,ym,1,youth,3,3,13,25.0,5.0,12.0,12,300.0,120.39428738248371,0.0,108.39428738248371,1300.7314485898046
SGD,2024,spring,spring,top,ys,1,youth,2,3,14,25.0,5.0,12.0,12,300.0,162.41945719932772,0.0,150.41945719932772,1805.0334863919327
SGD,2024,spring,spring,top,yxs,1,youth,1,3,2,25.0,5.0,12.0,12,300.0,162.41945719932772,0.0,150.41945719932772,1805.0334863919327
SGD,2024,winter,cfa,bottom,wxs,1,women,6,2,1,16.0,3.0,8.0,6,96.0,9.184665874127786,0.0,3.184665874127786,25.477326993022288
SGD,2024,winter,cfa,bottom,yl,1,youth,4,2,2,16.0,3.0,8.0,9,144.0,10.547155096984769,0.0,1.5471550969847687,12.37724077587815
SGD,2024,winter,cfa,bottom,ym,1,youth,3,2,4,16.0,3.0,8.0,6,96.0,9.184665874127786,0.0,3.184665874127786,25.477326993022288
SGD,2024,winter,cfa,bottom,ys,1,youth,2,2,6,16.0,3.0,8.0,6,96.0,9.184665874127786,0.0,3.184665874127786,25.477326993022288
SGD,2024,winter,cfa,socks,al,1,adult_men,13,2,5,10.0,1.0,5.0,8,80.0,21.967260124537603,0.0,13.967260124537603,69.83630062268801
SGD,2024,winter,cfa,socks,am,1,adult_men,12,2,2,10.0,1.0,5.0,10,100.0,24.62515171143967,0.0,14.62515171143967,73.12575855719835
SGD,2024,winter,cfa,socks,as,1,adult_men,11,2,4,10.0,1.0,5.0,12,120.0,33.43878824840545,0.0,21.43878824840545,107.19394124202725
SGD,2024,winter,cfa,top,ym,1,youth,3,2,5,25.0,5.0,12.0,27,675.0,92.33014986949388,0.0,65.33014986949388,783.9617984339266
SGD,2024,winter,cfa,top,ys,1,youth,2,2,3,25.0,5.0,12.0,28,700.0,130.29244489932145,0.0,102.29244489932145,1227.5093387918573
SGD,2024,winter,fall,bottom,yxs,1,youth,1,2,1,16.0,3.0,8.0,6,96.0,9.184665874127786,0.0,3.184665874127786,25.477326993022288
SGD,2024,winter,fall,socks,as,1,adult_men,11,2,1,10.0,1.0,5.0,12,120.0,33.43878824840545,0.0,21.43878824840545,107.19394124202725
SGD,2024,winter,fall,top,ym,1,youth,3,2,1,25.0,5.0,12.0,27,675.0,92.33014986949388,0.0,65.33014986949388,783.9617984339266
SGD,2024,winter,winter,bottom,am,1,adult_men,12,2,1,16.0,3.0,8.0,6,96.0,9.184665874127786,0.0,3.184665874127786,25.477326993022288
SGD,2024,winter,winter,bottom,as,1,adult_men,11,2,1,16.0,3.0,8.0,6,96.0,9.184665874127786,0.0,3.184665874127786,25.477326993022288
SGD,2024,winter,winter,bottom,wl,1,women,9,2,1,16.0,3.0,8.0,6,96.0,9.184665874127786,0.0,3.184665874127786,25.477326993022288
SGD,2024,winter,winter,bottom,ws,1,women,7,2,5,16.0,3.0,8.0,6,96.0,9.184665874127786,0.0,3.184665874127786,25.477326993022288
SGD,2024,winter,winter,bottom,yl,1,youth,4,2,20,16.0,3.0,8.0,9,144.0,10.547155096984769,0.0,1.5471550969847687,12.37724077587815
SGD,2024,winter,winter,bottom,ym,1,youth,3,2,81,16.0,3.0,8.0,6,96.0,9.184665874127786,0.0,3.184665874127786,25.477326993022288
SGD,2024,winter,winter,bottom,ys,1,youth,2,2,95,16.0,3.0,8.0,6,96.0,9.184665874127786,0.0,3.184665874127786,25.477326993022288
SGD,2024,winter,winter,bottom,yxs,1,youth,1,2,81,16.0,3.0,8.0,6,96.0,9.184665874127786,0.0,3.184665874127786,25.477326993022288
SGD,2024,winter,winter,socks,al,1,adult_men,13,2,23,10.0,1.0,5.0,8,80.0,21.967260124537603,0.0,13.967260124537603,69.83630062268801
SGD,2024,winter,winter,socks,am,1,adult_men,12,2,80,10.0,1.0,5.0,10,100.0,24.62515171143967,0.0,14.62515171143967,73.12575855719835
SGD,2024,winter,winter,socks,as,1,adult_men,11,2,196,10.0,1.0,5.0,12,120.0,33.43878824840545,0.0,21.43878824840545,107.19394124202725
SGD,2024,winter,winter,top,al,1,adult_men,13,2,4,25.0,5.0,12.0,6,150.0,21.70232042928973,0.0,15.702320429289731,188.4278451514768
SGD,2024,winter,winter,top,am,1,adult_men,12,2,4,25.0,5.0,12.0,6,150.0,21.70232042928973,0.0,15.702320429289731,188.4278451514768
SGD,2024,winter,winter,top,as,1,adult_men,11,2,18,25.0,5.0,12.0,11,275.0,24.265635997420222,0.0,13.265635997420222,159.18763196904268
SGD,2024,winter,winter,top,axl,1,adult_men,14,2,1,25.0,5.0,12.0,8,200.0,21.70232042928973,0.0,13.702320429289731,164.4278451514768
SGD,2024,winter,winter,top,wm,1,women,8,2,1,25.0,5.0,12.0,8,200.0,21.70232042928973,0.0,13.702320429289731,164.4278451514768
SGD,2024,winter,winter,top,ws,1,women,7,2,2,25.0,5.0,12.0,8,200.0,21.70232042928973,0.0,13.702320429289731,164.4278451514768
SGD,2024,winter,winter,top,wxs,1,women,6,2,3,25.0,5.0,12.0,8,200.0,21.70232042928973,0.0,13.702320429289731,164.4278451514768
SGD,2024,winter,winter,top,yl,1,youth,4,2,80,25.0,5.0,12.0,17,425.0,51.89828869371227,0.0,34.89828869371227,418.77946432454723
SGD,2024,winter,winter,top,ym,1,youth,3,2,213,25.0,5.0,12.0,27,675.0,92.33014986949388,0.0,65.33014986949388,783.9617984339266
SGD,2024,winter,winter,top,ys,1,youth,2,2,389,25.0,5.0,12.0,28,700.0,130.29244489932145,0.0,102.29244489932145,1227.5093387918573
SGD,2024,winter,winter,top,yxs,1,youth,1,2,142,25.0,5.0,12.0,28,700.0,130.29244489932145,0.0,102.29244489932145,1227.5093387918573
Adam,2024,fall,cfa,bottom,al,1,adult_men,13,1,6,16.0,3.0,8.0,6,96.0,9.184665874127786,0.0,3.184665874127786,25.477326993022288
Adam,2024,fall,cfa,bottom,am,1,adult_men,12,1,15,16.0,3.0,8.0,6,96.0,9.184665874127786,0.0,3.184665874127786,25.477326993022288
Adam,2024,fall,cfa,bottom,as,1,adult_men,11,1,6,16.0,3.0,8.0,17,272.0,20.657838165149975,0.0,3.6578381651499754,29.262705321199803
Adam,2024,fall,cfa,bottom,wm,1,women,8,1,11,16.0,3.0,8.0,12,192.0,12.696566721298815,0.0,0.6965667212988151,5.572533770390521
Adam,2024,fall,cfa,bottom,ws,1,women,7,1,29,16.0,3.0,8.0,13,208.0,13.434192333031499,0.0,0.43419233303149873,3.47353866425199
Adam,2024,fall,cfa,bottom,wxs,1,women,6,1,19,16.0,3.0,8.0,13,208.0,13.171540708065237,0.0,0.1715407080652369,1.3723256645218953
Adam,2024,fall,cfa,bottom,yl,1,youth,4,1,36,16.0,3.0,8.0,17,272.0,39.65652713525163,0.0,22.65652713525163,181.25221708201303
Adam,2024,fall,cfa,bottom,ym,1,youth,3,1,43,16.0,3.0,8.0,17,272.0,52.62769797606895,0.0,35.62769797606895,285.0215838085516
Adam,2024,fall,cfa,bottom,ys,1,youth,2,1,21,16.0,3.0,8.0,17,272.0,107.30346125594951,0.0,90.30346125594951,722.4276900475961
Adam,2024,fall,cfa,bottom,yxl,1,youth,5,1,4,16.0,3.0,8.0,17,272.0,9.184665874127786,7.815334125872214,0.0,23.446002377616644
Adam,2024,fall,cfa,bottom,yxs,1,youth,1,1,3,16.0,3.0,8.0,17,272.0,107.30346125594951,0.0,90.30346125594951,722.4276900475961
Adam,2024,fall,cfa,top,al,1,adult_men,13,1,7,25.0,5.0,12.0,17,425.0,21.70232042928973,0.0,4.702320429289731,56.427845151476774
Adam,2024,fall,cfa,top,am,1,adult_men,12,1,10,25.0,5.0,12.0,15,375.0,24.74802025083342,0.0,9.74802025083342,116.97624301000104
Adam,2024,fall,cfa,top,as,1,adult_men,11,1,11,25.0,5.0,12.0,17,425.0,47.02334720613978,0.0,30.023347206139782,360.28016647367735
Adam,2024,fall,cfa,top,axl,1,adult_men,14,1,1,25.0,5.0,12.0,17,425.0,21.70232042928973,0.0,4.702320429289731,56.427845151476774
Adam,2024,fall,cfa,top,wl,1,women,9,1,3,25.0,5.0,12.0,17,425.0,34.13820842512623,0.0,17.13820842512623,205.65850110151476
Adam,2024,fall,cfa,top,wm,1,women,8,1,12,25.0,5.0,12.0,17,425.0,34.46358057625489,0.0,17.46358057625489,209.5629669150587
Adam,2024,fall,cfa,top,ws,1,women,7,1,22,25.0,5.0,12.0,17,425.0,36.209405938999375,0.0,19.209405938999375,230.5128712679925
Adam,2024,fall,cfa,top,wxs,1,women,6,1,11,25.0,5.0,12.0,17,425.0,35.94675431403311,0.0,18.946754314033107,227.3610517683973
Adam,2024,fall,cfa,top,yl,1,youth,4,1,34,25.0,5.0,12.0,17,425.0,79.66093000008739,0.0,62.66093000008739,751.9311600010487
Adam,2024,fall,cfa,top,ym,1,youth,3,1,32,25.0,5.0,12.0,17,425.0,132.68392218047094,0.0,115.68392218047094,1388.2070661656512
Adam,2024,fall,cfa,top,ys,1,youth,2,1,21,25.0,5.0,12.0,17,425.0,228.1165642432119,0.0,211.1165642432119,2533.398770918543
Adam,2024,fall,cfa,top,yxl,1,youth,5,1,8,25.0,5.0,12.0,17,425.0,30.829146203799528,0.0,13.829146203799528,165.94975444559435
Adam,2024,fall,fall,socks,al,1,adult_men,13,1,37,10.0,1.0,5.0,17,170.0,34.130451906496084,0.0,17.130451906496084,85.65225953248043
Adam,2024,fall,fall,socks,am,1,adult_men,12,1,79,10.0,1.0,5.0,17,170.0,40.77683195421494,0.0,23.77683195421494,118.8841597710747
Adam,2024,fall,fall,socks,as,1,adult_men,11,1,42,10.0,1.0,5.0,17,170.0,70.39606992980924,0.0,53.396069929809244,266.9803496490462
Adam,2024,spring,cfa,bottom,al,1,adult_men,13,3,3,16.0,3.0,8.0,6,96.0,9.184665874127786,0.0,3.184665874127786,25.477326993022288
Adam,2024,spring,cfa,bottom,am,1,adult_men,12,3,4,16.0,3.0,8.0,7,112.0,10.118683283088073,0.0,3.118683283088073,24.949466264704583
Adam,2024,spring,cfa,bottom,as,1,adult_men,11,3,5,16.0,3.0,8.0,9,144.0,13.015710838054046,0.0,4.015710838054046,32.12568670443237
Adam,2024,spring,cfa,bottom,wm,1,women,8,3,5,16.0,3.0,8.0,7,112.0,9.678433010011508,0.0,2.678433010011508,21.427464080092065
Adam,2024,spring,cfa,bottom,ws,1,women,7,3,9,16.0,3.0,8.0,9,144.0,10.915530281184713,0.0,1.9155302811847132,15.324242249477706
Adam,2024,spring,cfa,bottom,wxs,1,women,6,3,16,16.0,3.0,8.0,8,128.0,10.571508898615683,0.0,2.571508898615683,20.572071188925463
Adam,2024,spring,cfa,bottom,yl,1,youth,4,3,7,16.0,3.0,8.0,9,144.0,19.67811680186138,0.0,10.678116801861378,85.42493441489103
Adam,2024,spring,cfa,bottom,ym,1,youth,3,3,20,16.0,3.0,8.0,9,144.0,19.615816705218712,0.0,10.615816705218712,84.9265336417497
Adam,2024,spring,cfa,bottom,ys,1,youth,2,3,9,16.0,3.0,8.0,9,144.0,25.458401704535703,0.0,16.458401704535703,131.66721363628562
Adam,2024,spring,cfa,bottom,yxl,1,youth,5,3,4,16.0,3.0,8.0,6,96.0,9.184665874127786,0.0,3.184665874127786,25.477326993022288
Adam,2024,spring,cfa,bottom,yxs,1,youth,1,3,3,16.0,3.0,8.0,9,144.0,25.458401704535703,0.0,16.458401704535703,131.66721363628562
Adam,2024,spring,cfa,socks,al,1,adult_men,13,3,1,10.0,1.0,5.0,9,90.0,28.06974582852087,0.0,19.06974582852087,95.34872914260434
Adam,2024,spring,cfa,socks,am,1,adult_men,12,3,7,10.0,1.0,5.0,9,90.0,34.716125876239694,0.0,25.716125876239694,128.58062938119846
Adam,2024,spring,cfa,socks,as,1,adult_men,11,3,2,10.0,1.0,5.0,9,90.0,43.529762413205496,0.0,34.529762413205496,172.6488120660275
Adam,2024,spring,cfa,top,al,1,adult_men,13,3,2,25.0,5.0,12.0,9,225.0,25.953138910561833,0.0,16.953138910561833,203.437666926742
Adam,2024,spring,cfa,top,am,1,adult_men,12,3,7,25.0,5.0,12.0,9,225.0,29.763410859885013,0.0,20.763410859885013,249.16093031862016
Adam,2024,spring,cfa,top,as,1,adult_men,11,3,2,25.0,5.0,12.0,9,225.0,36.62707046309152,0.0,27.62707046309152,331.5248455570983
Adam,2024,spring,cfa,top,wl,1,women,9,3,4,25.0,5.0,12.0,9,225.0,28.49873380491613,0.0,19.49873380491613,233.9848056589936
Adam,2024,spring,cfa,top,wm,1,women,8,3,13,25.0,5.0,12.0,9,225.0,30.258326627075004,0.0,21.258326627075004,255.09991952490003
Adam,2024,spring,cfa,top,ws,1,women,7,3,11,25.0,5.0,12.0,9,225.0,31.495423898248205,0.0,22.495423898248205,269.94508677897846
Adam,2024,spring,cfa,top,wxs,1,women,6,3,8,25.0,5.0,12.0,9,225.0,31.23277227328194,0.0,22.23277227328194,266.7932672793833
Adam,2024,spring,cfa,top,yl,1,youth,4,3,21,25.0,5.0,12.0,9,225.0,71.90682618420769,0.0,62.90682618420769,754.8819142104923
Adam,2024,spring,cfa,top,ym,1,youth,3,3,22,25.0,5.0,12.0,9,225.0,120.39428738248371,0.0,111.39428738248371,1336.7314485898046
Adam,2024,spring,cfa,top,ys,1,youth,2,3,6,25.0,5.0,12.0,9,225.0,162.41945719932772,0.0,153.41945719932772,1841.0334863919327
Adam,2024,spring,cfa,top,yxl,1,youth,5,3,6,25.0,5.0,12.0,9,225.0,32.77424124947501,0.0,23.77424124947501,285.29089499370014
Adam,2024,spring,spring,bottom,am,1,adult_men,12,3,1,16.0,3.0,8.0,7,112.0,10.118683283088073,0.0,3.118683283088073,24.949466264704583
Adam,2024,spring,spring,bottom,as,1,adult_men,11,3,1,16.0,3.0,8.0,9,144.0,13.015710838054046,0.0,4.015710838054046,32.12568670443237
Adam,2024,spring,spring,bottom,wl,1,women,9,3,1,16.0,3.0,8.0,6,96.0,9.184665874127786,0.0,3.184665874127786,25.477326993022288
Adam,2024,spring,spring,bottom,wm,1,women,8,3,2,16.0,3.0,8.0,7,112.0,9.678433010011508,0.0,2.678433010011508,21.427464080092065
Adam,2024,spring,spring,bottom,ws,1,women,7,3,7,16.0,3.0,8.0,9,144.0,10.915530281184713,0.0,1.9155302811847132,15.324242249477706
Adam,2024,spring,spring,bottom,wxs,1,women,6,3,2,16.0,3.0,8.0,8,128.0,10.571508898615683,0.0,2.571508898615683,20.572071188925463
Adam,2024,spring,spring,bottom,yl,1,youth,4,3,5,16.0,3.0,8.0,9,144.0,19.67811680186138,0.0,10.678116801861378,85.42493441489103
Adam,2024,spring,spring,bottom,ym,1,youth,3,3,7,16.0,3.0,8.0,9,144.0,19.615816705218712,0.0,10.615816705218712,84.9265336417497
Adam,2024,spring,spring,bottom,ys,1,youth,2,3,3,16.0,3.0,8.0,9,144.0,25.458401704535703,0.0,16.458401704535703,131.66721363628562
Adam,2024,spring,spring,bottom,yxs,1,youth,1,3,1,16.0,3.0,8.0,9,144.0,25.458401704535703,0.0,16.458401704535703,131.66721363628562
Adam,2024,spring,spring,socks,al,1,adult_men,13,3,23,10.0,1.0,5.0,9,90.0,28.06974582852087,0.0,19.06974582852087,95.34872914260434
Adam,2024,spring,spring,socks,am,1,adult_men,12,3,44,10.0,1.0,5.0,9,90.0,34.716125876239694,0.0,25.716125876239694,128.58062938119846
Adam,2024,spring,spring,socks,as,1,adult_men,11,3,31,10.0,1.0,5.0,9,90.0,43.529762413205496,0.0,34.529762413205496,172.6488120660275
Adam,2024,spring,spring,top,al,1,adult_men,13,3,1,25.0,5.0,12.0,9,225.0,25.953138910561833,0.0,16.953138910561833,203.437666926742
Adam,2024,spring,spring,top,as,1,adult_men,11,3,1,25.0,5.0,12.0,9,225.0,36.62707046309152,0.0,27.62707046309152,331.5248455570983
Adam,2024,spring,spring,top,wl,1,women,9,3,1,25.0,5.0,12.0,9,225.0,28.49873380491613,0.0,19.49873380491613,233.9848056589936
Adam,2024,spring,spring,top,wm,1,women,8,3,2,25.0,5.0,12.0,9,225.0,30.258326627075004,0.0,21.258326627075004,255.09991952490003
Adam,2024,spring,spring,top,ws,1,women,7,3,5,25.0,5.0,12.0,9,225.0,31.495423898248205,0.0,22.495423898248205,269.94508677897846
Adam,2024,spring,spring,top,wxs,1,women,6,3,3,25.0,5.0,12.0,9,225.0,31.23277227328194,0.0,22.23277227328194,266.7932672793833
Adam,2024,spring,spring,top,yl,1,youth,4,3,11,25.0,5.0,12.0,9,225.0,71.90682618420769,0.0,62.90682618420769,754.8819142104923
Adam,2024,spring,spring,top,ym,1,youth,3,3,13,25.0,5.0,12.0,9,225.0,120.39428738248371,0.0,111.39428738248371,1336.7314485898046
Adam,2024,spring,spring,top,ys,1,youth,2,3,14,25.0,5.0,12.0,9,225.0,162.41945719932772,0.0,153.41945719932772,1841.0334863919327
Adam,2024,spring,spring,top,yxs,1,youth,1,3,2,25.0,5.0,12.0,9,225.0,162.41945719932772,0.0,153.41945719932772,1841.0334863919327
Adam,2024,winter,cfa,bottom,wxs,1,women,6,2,1,16.0,3.0,8.0,6,96.0,9.184665874127786,0.0,3.184665874127786,25.477326993022288
Adam,2024,winter,cfa,bottom,yl,1,youth,4,2,2,16.0,3.0,8.0,11,176.0,10.547155096984769,0.4528449030152313,0.0,1.3585347090456938
Adam,2024,winter,cfa,bottom,ym,1,youth,3,2,4,16.0,3.0,8.0,13,208.0,9.184665874127786,3.815334125872214,0.0,11.446002377616642
Adam,2024,winter,cfa,bottom,ys,1,youth,2,2,6,16.0,3.0,8.0,13,208.0,9.184665874127786,3.815334125872214,0.0,11.446002377616642
Adam,2024,winter,cfa,socks,al,1,adult_men,13,2,5,10.0,1.0,5.0,13,130.0,21.967260124537603,0.0,8.967260124537603,44.836300622688015
Adam,2024,winter,cfa,socks,am,1,adult_men,12,2,2,10.0,1.0,5.0,13,130.0,24.62515171143967,0.0,11.62515171143967,58.12575855719835
Adam,2024,winter,cfa,socks,as,1,adult_men,11,2,4,10.0,1.0,5.0,13,130.0,33.43878824840545,0.0,20.43878824840545,102.19394124202725
Adam,2024,winter,cfa,top,ym,1,youth,3,2,5,25.0,5.0,12.0,13,325.0,92.33014986949388,0.0,79.33014986949388,951.9617984339266
Adam,2024,winter,cfa,top,ys,1,youth,2,2,3,25.0,5.0,12.0,13,325.0,130.29244489932145,0.0,117.29244489932145,1407.5093387918573
Adam,2024,winter,fall,bottom,yxs,1,youth,1,2,1,16.0,3.0,8.0,13,208.0,9.184665874127786,3.815334125872214,0.0,11.446002377616642
Adam,2024,winter,fall,socks,as,1,adult_men,11,2,1,10.0,1.0,5.0,13,130.0,33.43878824840545,0.0,20.43878824840545,102.19394124202725
Adam,2024,winter,fall,top,ym,1,youth,3,2,1,25.0,5.0,12.0,13,325.0,92.33014986949388,0.0,79.33014986949388,951.9617984339266
Adam,2024,winter,winter,bottom,am,1,adult_men,12,2,1,16.0,3.0,8.0,13,208.0,9.184665874127786,3.815334125872214,0.0,11.446002377616642
Adam,2024,winter,winter,bottom,as,1,adult_men,11,2,1,16.0,3.0,8.0,13,208.0,9.184665874127786,3.815334125872214,0.0,11.446002377616642
Adam,2024,winter,winter,bottom,wl,1,women,9,2,1,16.0,3.0,8.0,13,208.0,9.184665874127786,3.815334125872214,0.0,11.446002377616642
Adam,2024,winter,winter,bottom,ws,1,women,7,2,5,16.0,3.0,8.0,13,208.0,9.184665874127786,3.815334125872214,0.0,11.446002377616642
Adam,2024,winter,winter,bottom,yl,1,youth,4,2,20,16.0,3.0,8.0,13,208.0,10.547155096984769,2.4528449030152313,0.0,7.358534709045694
Adam,2024,winter,winter,bottom,ym,1,youth,3,2,81,16.0,3.0,8.0,13,208.0,9.184665874127786,3.815334125872214,0.0,11.446002377616642
Adam,2024,winter,winter,bottom,ys,1,youth,2,2,95,16.0,3.0,8.0,13,208.0,9.184665874127786,3.815334125872214,0.0,11.446002377616642
Adam,2024,winter,winter,bottom,yxs,1,youth,1,2,81,16.0,3.0,8.0,13,208.0,9.184665874127786,3.815334125872214,0.0,11.446002377616642
Adam,2024,winter,winter,socks,al,1,adult_men,13,2,23,10.0,1.0,5.0,13,130.0,21.967260124537603,0.0,8.967260124537603,44.836300622688015
Adam,2024,winter,winter,socks,am,1,adult_men,12,2,80,10.0,1.0,5.0,13,130.0,24.62515171143967,0.0,11.62515171143967,58.12575855719835
Adam,2024,winter,winter,socks,as,1,adult_men,11,2,196,10.0,1.0,5.0,13,130.0,33.43878824840545,0.0,20.43878824840545,102.19394124202725
Adam,2024,winter,winter,top,al,1,adult_men,13,2,4,25.0,5.0,12.0,13,325.0,21.70232042928973,0.0,8.702320429289731,104.42784515147677
Adam,2024,winter,winter,top,am,1,adult_men,12,2,4,25.0,5.0,12.0,13,325.0,21.70232042928973,0.0,8.702320429289731,104.42784515147677
Adam,2024,winter,winter,top,as,1,adult_men,11,2,18,25.0,5.0,12.0,12,300.0,24.265635997420222,0.0,12.265635997420222,147.18763196904268
Adam,2024,winter,winter,top,axl,1,adult_men,14,2,1,25.0,5.0,12.0,13,325.0,21.70232042928973,0.0,8.702320429289731,104.42784515147677
Adam,2024,winter,winter,top,wm,1,women,8,2,1,25.0,5.0,12.0,13,325.0,21.70232042928973,0.0,8.702320429289731,104.42784515147677
Adam,2024,winter,winter,top,ws,1,women,7,2,2,25.0,5.0,12.0,13,325.0,21.70232042928973,0.0,8.702320429289731,104.42784515147677
Adam,2024,winter,winter,top,wxs,1,women,6,2,3,25.0,5.0,12.0,13,325.0,21.70232042928973,0.0,8.702320429289731,104.42784515147677
Adam,2024,winter,winter,top,yl,1,youth,4,2,80,25.0,5.0,12.0,13,325.0,51.89828869371227,0.0,38.89828869371227,466.77946432454723
Adam,2024,winter,winter,top,ym,1,youth,3,2,213,25.0,5.0,12.0,13,325.0,92.33014986949388,0.0,79.33014986949388,951.9617984339266
Adam,2024,winter,winter,top,ys,1,youth,2,2,389,25.0,5.0,12.0,13,325.0,130.29244489932145,0.0,117.29244489932145,1407.5093387918573
Adam,2024,winter,winter,top,yxs,1,youth,1,2,142,25.0,5.0,12.0,13,325.0,130.29244489932145,0.0,117.29244489932145,1407.5093387918573
